ref,fileName,date,description,status,publicScore,privateScore
56720831,pavel-bc-opus-v17d-dc12m19-honest-m68.tar.gz,2026-09-30 22:59:18.400000,"pavel-bc-opus-v17d-dc12m19-honest-m68 (honest1, user-asked final pick 2): Local-LB m19 build with nearanimals off + clean fc3nvens forecaster (3 seeds, no own-lineage games) + splitfert=10 + hirecheck/latehire; no fc2 / CMA / RL. Vs m3_fc3nv on fresh live-game continuations +224 (SE 70); vs base m3 on real top-30 worlds +1,904 (SE 429). Local verify 4/4 DONE deterministic; Kaggle kernel 4/4 DONE, rewards = local, rebuilt bridge same, worst call 3.52 s, overage >= 44.8 s. sha256 b8ac48f8",SubmissionStatus.COMPLETE,2700.6,
56720080,pavel-bc-opus-v17d-dc12m3-d3crop-m68.tar.gz,2026-09-30 22:20:08.900000,"pavel-bc-opus-v17d-dc12m3-d3crop-m68 RESUBMIT (user-asked, Sep 30): the exact archive of 56690263 (sha256 f8c82bd8; most-tested base, 152 live games, settled 2807.8). Local verify 4/4 DONE, rewards identical to Sep 29 (self-play 89,186 x2), worst call 0.76 s; Kaggle kernel check 4/4 DONE, rewards equal local, rebuilt bridge same, worst call 2.59 s, overage >= 44.1 s.",SubmissionStatus.COMPLETE,2626.2,
56714867,pavel-bc-opus-v17d-dc12m14-fc2-m68.tar.gz,2026-09-30 17:44:23.073000,"pavel-bc-opus-v17d-dc12m14-fc2-m68 (Local-LB branch b38f02e = BC packages/m3fc2hc): live m3 56690263 + fc2 opponent-sales forecaster (retrained on Kaggle games to Sep 30) + dc11 hirecheck=1 latehire=1 (hire-funding bug fix); bridge from Day compiler src_m14; decode = m3's (no CMA). G3 top-team worlds +1.41k (SE 0.51k, n56) vs m3. Local verify 4/4 DONE deterministic (98,985); Kaggle kernel 4/4 DONE, rewards equal local, rebuilt bridge same, worst call 2.63 s, overage >= 45.5 s. sha256 41be9097",SubmissionStatus.COMPLETE,2727.2,
56710248,giovanni-rl-v1643-d3crop.tar.gz,2026-09-30 14:35:03.067000,"giovanni-rl-v1643-d3crop: PPO (run rl_v17, 1643 updates) on the day-plan layer (model.bin layer 12) + market-knob heads (rlknobs, argmax) of pavel-bc-opus-v17d-dc11v59-ens-d3crop; league of Pavel agents (incl. dc12m3-cma), Kaggle-top clones and 4 frozen copies of itself (continuous PFSP); critic sees the opponent; mixed win/margin reward; days 0-5 on v17d original head; d3crop dc11/decode unchanged; bridge rebuilt from source (GCC14 + glibc 2.28). Exams v1608: d3crop 148/200, d3cma 136/200, m3cma 97/200, io843 97/200.",SubmissionStatus.COMPLETE,2714.8,
56706309,pavel-bc-opus-v17d-dc12m3-d3crop-m68-cma.tar.gz,2026-09-30 11:41:07.083000,"pavel-bc-opus-v17d-dc12m3-d3crop-m68-cma (Local-LB 1627.1, 202-98, branch 086ecfb): live package 56690263 (dc12m3 d3crop-m68) with gio_cma's CMA-ES decode values (reach 0.835/0.735/0.635, qpush 3 4 0.788 0.571); only model.bin.decode differs. Checks: local 4/4 DONE deterministic; Kaggle kernel 4/4 DONE, rewards equal local, rebuilt bridge same, worst call 3.24 s, overage >= 40.3 s. sha a071ec27",SubmissionStatus.COMPLETE,2709.5,
56690263,pavel-bc-opus-v17d-dc12m3-d3crop-m68.tar.gz,2026-09-29 23:46:38.203000,"pavel-bc-opus-v17d-dc12m3-d3crop-m68: d3crop-m68 (Local-LB branch; model files byte-identical) + dc12 m1 keys (dropany=6 cashsell=1 wheatcash=1 reserve=0 saleslots=3) + nighttrim=1 + survivalfloor=1 (Day compiler m3). Local: league vs 3 strongest +1.5k vs d3crop-m68, pinned 200 trimmed +1.5k, 760 clones +1.1k. Local verify 4/4 DONE, deterministic self-play, worst call 1.16 s, overage left >= 59.7 s; glibc <= 2.27. Kernel check not run (quota time). sha256 f8c82bd8",SubmissionStatus.COMPLETE,2807.8,
56688520,giovanni-rl-v1023-d3crop.tar.gz,2026-09-29 22:03:31.207000,"giovanni-rl-v1023-d3crop: PPO (run rl_v17, 1023 updates) on the day-plan layer (model.bin layer 12) + market-knob heads (rlknobs, argmax) of pavel-bc-opus-v17d-dc11v59-ens-d3crop; league of Pavel agents, Kaggle-top clones and 4 frozen copies of itself (PFSP); days 0-5 on v17d original head; d3crop dc11/decode unchanged; bridge rebuilt from source (GCC14 + glibc 2.28). Exams v883: d3crop 140/200, v17d 158/200, d3w15 162/200.",SubmissionStatus.COMPLETE,2804.6,
56682211,pavel-bc-opus-v17d-dc11v74-hyb-melon68.tar.gz,2026-09-29 16:40:38.793000,"pavel-bc-opus-v17d-dc11v74-hyb-melon68 (Local-LB #2, 1585.6, merged PR #234): hyb_nolp 56665619 with the melon push on days 6-8 (earlycrop 4 6 8 2); everything else byte-identical to hyb_nolp (bridge f1f1c61b, dc11 v74). Kernel check 4/4 DONE, rewards equal local, rebuilt library same rewards, overage left >= 55.3 s. sha256 68db6bad",SubmissionStatus.COMPLETE,2810.4,
56682206,giovanni-d3crop-cma-decode.tar.gz,2026-09-29 16:40:29.527000,"giovanni-d3crop-cma-decode (Local-LB #1, 1622.1, merged PR #232): d3crop 56653866 with CMA-ES decode settings (qpush 3 4 0.788 0.571, reach 0.835/0.735/0.635, earlycrop 4 6 6 3); everything else byte-identical to d3crop (bridge d9d3cf2e, dc11 v59). Kernel check 4/4 DONE, rewards equal local, rebuilt library same rewards, overage left >= 49.8 s. sha256 a902301d",SubmissionStatus.COMPLETE,2792.3,
56665619,pavel-bc-opus-v17d-dc11v74-hyb-nolp.tar.gz,2026-09-29 06:37:41.010000,"pavel-bc-opus-v17d-dc11v74-hyb-nolp (Imitation's M&M hybrid): M&M-4Q main mm4q_pure at weight 0.5 + E's four members, v17d decode keys, dc11 v74 + startcomplete=6 cropfirst=6. Top-team clone beds +0.7-1.4k and real-opponent replays +1.5k trimmed vs d3crop. Kernel check 4/4 DONE, rewards equal local, rebuilt library same rewards, overage left >= 54.7 s. sha256 7d9bcc27",SubmissionStatus.COMPLETE,2823.7,
56654747,giovanni-rl-v179-d3crop.tar.gz,2026-09-28 23:38:02.237000,"giovanni-rl-v179-d3crop: PPO (run rl_v17) on the day-plan layer (model.bin layer 12) of pavel-bc-opus-v17d-dc11v59-ens-d3crop, league of Pavel agents; land row frozen; days 0-5 on v17d original head (model.bin.head0); d3crop dc11/decode unchanged; bridge rebuilt from source (GCC14 + glibc 2.28 sysroot). Exam v168: 126/200 +657 vs d3crop, 132/200 +1427 vs v17d.",SubmissionStatus.COMPLETE,2832.9,
56653866,pavel-bc-opus-v17d-dc11v59-ens-d3crop.tar.gz,2026-09-28 22:39:52.960000,"pavel-bc-opus-v17d-dc11v59-ens-d3crop (Local-LB #1, merged PR #226, f4b7360): v17d (econm6 with main v17g6ft5) + day-3 crop push (qpush 3 3 0.8). Kernel check 4/4 DONE, rewards equal local, rebuilt library same rewards, overage left >= 48.0 s. sha256 ddfd0e8b",SubmissionStatus.COMPLETE,2878.0,
56644562,pavel-bc-opus-v17-dc11v59-ens-econm6.tar.gz,2026-09-28 15:00:24.080000,"pavel-bc-opus-v17-dc11v59-ens-econm6 (Local-LB submit/pavel-bc-opus-v17-dc11v59-ens-econm6 61023dc): v17 + econ + day-6 melon top-up + day-0 guard. Kernel check 4/4 DONE, rewards equal local, rebuilt library same rewards, overage left >= 50.9 s. sha256 4a099878",SubmissionStatus.COMPLETE,2834.7,
56641141,pavel-bc-opus-v17-dc11v36-ens.tar.gz,2026-09-28 12:45:41.767000,"pavel-bc-opus-v17-dc11v36-ens (Local-LB submit/pavel-bc-opus-v17-dc11v36-ens e138fd8): E + fresh-data width-512 main network v17. Kernel check 4/4 DONE, rewards equal local, rebuilt library same rewards, overage left >= 47.0 s. sha256 f6b11931",SubmissionStatus.COMPLETE,2847.8,
56621852,pavel-bc-opus-v12-dc11v36-ens-pkg-e.tar.gz,2026-09-27 23:37:49.307000,"pavel-bc-opus-v12-dc11v36-ens-pkg-e (Local-LB submit/pavel-bc-opus-v12-dc11v36-ens-pkg-e f349bf9): D + learned next-morning opponent forecast (big2_nx). Kernel-checked on env 1.32.7: 4/4 full games DONE, rewards equal local, rebuilt library same rewards, overage left >= 51.3 s. sha256 ffe50ac5",SubmissionStatus.COMPLETE,2866.8,
56621849,pavel-bc-opus-v12-dc11v36-ens-pkg-d.tar.gz,2026-09-27 23:37:36.420000,"pavel-bc-opus-v12-dc11v36-ens-pkg-d (Local-LB submit/pavel-bc-opus-v12-dc11v36-ens-pkg-d 2d31a2b): pkg-q4 on dc11 v36 + nightfix=30 + day-10 4th quadrant + early cow. Kernel-checked on env 1.32.7: 4/4 full games DONE, rebuilt library same rewards, overage left >= 51.5 s. sha256 39c1bd50",SubmissionStatus.COMPLETE,2828.4,
56614000,pavel-bc-opus-v12-dc11v34-ens-ib2t-pkg.tar.gz,2026-09-27 16:32:40.327000,"pavel-bc-opus-v12-dc11v34-ens-ib2t-pkg (Local-LB submit/pavel-bc-opus-v12-dc11v34-ens-ib2t-pkg 730d33c): Kaggle 56613566's agent without the day-11 4th quadrant (ib2t on dc11 v34 + timing=0.5 + scen=16 + menu=3). Kernel-checked on env 1.32.7: 4/4 full games DONE, rewards equal local, rebuilt library same rewards, overage left >= 55.7 s. sha256 0ff36211",SubmissionStatus.COMPLETE,2849.1,
56613566,pavel-bc-opus-v12-dc11v34-ens-pkg-q4.tar.gz,2026-09-27 16:10:54.110000,"pavel-bc-opus-v12-dc11v34-ens-pkg-q4 (Local-LB submit/pavel-bc-opus-v12-dc11v34-ens-pkg-q4 baf8480): Kaggle 56602463's agent (ib2t) on dc11 v34 with timing=0.5, scenario seller (scen=16), plan menu (menu=3) and a day-11 4th quadrant. Kernel-checked on env 1.32.7: 4/4 full games DONE, rewards equal local, rebuilt library same rewards, overage left >= 56.2 s. sha256 edd552a9",SubmissionStatus.COMPLETE,2846.1,
56602463,pavel-bc-opus-v12-dc11v29-ens-ib2t.tar.gz,2026-09-27 07:41:41.853000,"pavel-bc-opus-v12-dc11v29-ens-ib2t (Local-LB submit/pavel-bc-opus-v12-dc11v29-ens-ib2t e33189c): BC Opus v12 five-network ensemble + dc11 day compiler (v31 source, timing=1 landtrim=4 rival=1 tieall=1) + learned opponent-sales forecast with hourly re-forecast (big2_stk_xs transformer). Kernel-checked on env 1.32.7: 4/4 full games DONE, rewards equal local, rebuilt library same rewards, overage left >= 59.3 s. sha256 8f3651ef",SubmissionStatus.COMPLETE,2828.1,
56590212,pavel-bc-opus-v12-dc11v29-ens-tf.tar.gz,2026-09-26 22:31:12.060000,pavel-bc-opus-v12-dc11v29-ens-tf (Local-LB submit/pavel-bc-opus-v12-dc11v29-ens-tf 2cb549b): BC Opus v12 five-network ensemble + dc11 v29 day compiler (timing=1) + learned opponent-sales forecast (tf_lin_w1_l5 transformer),SubmissionStatus.COMPLETE,2838.9,
56587117,pavel-bc-opus-v12-dc11-noq4.tar.gz,2026-09-26 19:19:04.940000,pavel-bc-opus-v12-dc11-noq4: v28 (dc11 v28 + v12) without land_match (never buys the 4th quadrant),SubmissionStatus.COMPLETE,2793.0,
56583046,pavel-bc-opus-v12-dc11.tar.gz,2026-09-26 15:35:26.943000,"pavel-bc-opus-v12-dc11 (Local-LB submit/pavel-bc-opus-v12-dc11 81c3e7c): BC Opus v12 DayIntent network (DSM opening days 0-5) + dc11 day compiler (snapshot v28: joint routing and placement, opponent forecast with sale DP, stress-first funding, herd reach 0.9/0.8/0.7, max 3 quadrants + land_match; fixed evaluation budget, ~3 s compile per game). Kernel-checked on env 1.32.7: 4/4 full games DONE, rewards equal local, overage left >= 58 s. sha256 b94ab794",SubmissionStatus.COMPLETE,2829.1,
56563332,pavel-bc-opus-v12-wide.tar.gz,2026-09-26 00:01:02.573000,"pavel-bc-opus-v12-wide (Local-LB submit/pavel-bc-opus-v12-wide 9d1b864): BC Opus v12 DayIntent network (DSM opening days 0-5, max 3 land quadrants) + C++ day compiler with sale race, forecast selection, stress-funded herd reach and budgeted wide routing (only while > 30 s overage remain). Kernel-checked on env 1.32.7: 4/4 full games DONE, overage left >= 25 s. sha256 972cb79c",SubmissionStatus.COMPLETE,2815.3,
56553038,pavel-bc-opus-v12-robust.tar.gz,2026-09-25 14:32:56.353000,"pavel-bc-opus-v12-robust (Local-LB main d603858): BC Opus v12 DayIntent network (Vadim opening days 0-5) + C++ day compiler with herd fix and day-0 cash reserve. main.py: Kaggle exec() path fix. Kernel-checked on env 1.32.7: 4/4 full games DONE, rewards equal local. sha256 f62fa610",SubmissionStatus.COMPLETE,2740.7,
56549094,submission.py,2026-09-25 11:15:34.993000,Notebook Kaggriculture Master Engine V3 | Version 2,SubmissionStatus.COMPLETE,2332.6,
56549078,submission.py,2026-09-25 11:14:58.937000,Notebook Kaggriculture Master Engine V3 | Version 1,SubmissionStatus.COMPLETE,2225.4,
56540859,rl_v6_02_it2010.tar.gz,2026-09-25 05:20:53.330000,"RL v6n rl_v6_02 it2010 (ricetta AlphaStar): critico sugli aggregati di entrambi i lati nel vantaggio (V-trace=MC + UPGO), senza partite appaiate, critico rifatto da zero ogni 5 it; self-play 80% contro copia congelata (rete_io_it001860) + 20% lega PFSP. Esame it2000 133/134 (99,3%) margine +25.973. Pesi sha256 eb7816bd89a0aa61.",SubmissionStatus.COMPLETE,1556.9,
56536031,submission.tar.gz,2026-09-25 00:56:49.133000,Notebook Herd Safe v3 Experimental Risk Aware Feed | Version 1,SubmissionStatus.COMPLETE,2085.2,
56533898,ppo_v6n_it040.tar.gz,2026-09-24 23:47:40.553000,"PPO majkel_v6n_ppo_shaped_phase1 it40 (from BC v6n 4800 no-plan): net-worth-shaped PPO, moving KL anchor every 5 it, 11-bot league incl. LocalLB top agents, margin weight 0.3. LocalLB 400 games: 238/400 wins (it25 213), top-5 92/200 (it25 78), margin +1866, provisional Elo 1493.1. Bundle = BC bundle with PPO weights; 0/719 decision diffs vs checkpoint. sha256 486e97c4",SubmissionStatus.COMPLETE,1732.3,
56525083,bc_snella2_004000.tar.gz,2026-09-24 15:29:23.300000,"BC snella v2 (4,35 M, curata, senza storia dei comandi) da zero su UNA submission di Majkel (56156662, 645 partite), 4000 passi, validazione worker_op NLL 0,133 acc 95,2%. Punto di partenza della snella, senza RL.",SubmissionStatus.COMPLETE,1042.0,
56522591,ppo_v6n_it025.tar.gz,2026-09-24 13:38:44.610000,"PPO majkel_v6n_ppo_shaped_phase1 it25 (from BC v6n 4800 no-plan): net-worth-shaped PPO, moving KL anchor every 5 it, 11-bot league incl. LocalLB top agents. LocalLB 400 games: provisional Elo 1446.9 (it5 1330.6), 213/400 wins, margin +537. Exam 61/88. Bundle = BC bundle with PPO weights; 0/719 decision diffs vs checkpoint. sha256 0555c53b",SubmissionStatus.COMPLETE,1464.8,
56518435,rl_v6_02_it1520.tar.gz,2026-09-24 10:00:06.843000,"RL v6n rl_v6_02 it1520 senza piano: self-play 80% contro copia congelata (rete_io_it001300) + 20% lega PFSP; dall'it 1451 senza UPGO/MC (solo vantaggio di gruppo), dall'it 1491 lr 2e-5. Esame 120/134 (89,6%) margine +22.515. Pesi sha256 42a8ec3eae8ff8fd.",SubmissionStatus.COMPLETE,1422.7,
56510369,latest-yannik-suffix-5d-28s-v1-loaderfix-20260923.tar.gz,2026-09-24 03:21:11.627000,Best validated owned LocalLB agent latest-yannik-suffix-5d-28s-v1; sha256 d6bbf7d4; 2026-09-24,SubmissionStatus.COMPLETE,1499.7,
56504264,ppo_v6n_it005.tar.gz,2026-09-23 21:37:52.270000,"PPO majkel_v6n_ppo_shaped_phase1 it5 (from BC v6n 4800 no-plan = 56422469): net-worth-shaped PPO, 3600 games vs 7-bot league. Greedy exam 25/56 (BC 8/56), margin -2279 (BC -12424), bank 100.2k (BC 89.7k). Bundle = BC bundle with PPO weights; 0/1438 decision diffs vs checkpoint. sha256 dece302f",SubmissionStatus.COMPLETE,1368.4,
56502721,latest-yannik-suffix-5d-28s-v1-loaderfix-20260923.tar.gz,2026-09-23 19:52:03.737000,Best current owned LocalLB agent: latest-yannik-suffix-5d-28s-v1; validated archive sha256 d6bbf7d4; resubmit 2026-09-24,SubmissionStatus.COMPLETE,1524.6,
56497284,rl_v6_02_it1000.tar.gz,2026-09-23 15:23:10.460000,"RL v6n rl_v6_02 it1000 (ramo dall'880: gruppi da 4 ripetizioni, dual-clip anche su UPGO, memoria del valore 10; lr 1e-5, KL 0.01). Esame greedy 117/134 87.3%, margine +20582. Piano del giorno spento. sha256 1cd1a120",SubmissionStatus.COMPLETE,1429.3,
56494380,latest-yannik-suffix-5d-28s-v1-loaderfix-20260923.tar.gz,2026-09-23 13:20:15.247000,LocalLB #1 latest-yannik-suffix-5d-28s-v1 loader-safe path fix; 2026-09-23 sha256 d6bbf7d4,SubmissionStatus.COMPLETE,1580.0,
56494304,latest-yannik-suffix-5d-28s-v1-resubmit-20260923.tar.gz,2026-09-23 13:16:44.547000,LocalLB #1 latest-yannik-suffix-5d-28s-v1 Elo 1725.7 278-82 current resubmit 2026-09-23 sha256 bd78d110,SubmissionStatus.ERROR,,
56465869,rl_v6_02_it620.tar.gz,2026-09-22 13:35:01.870000,"RL v6n rl_v6_02 it620 SENZA piano del giorno (base: BC v6n cura base_004800 = 56422469; lega 99, esame 177/198 90,9%; cura ingressi ReDo a it510, 322 unita rianimate)",SubmissionStatus.COMPLETE,1444.0,
56451458,latest-yannik-suffix-5d-28s-v1-58dbdc3.tar.gz,2026-09-22 03:18:57.243000,LocalLB #1 latest-yannik-suffix-5d-28s-v1 58dbdc3 Elo 1728.3 279-81 loader-safe,SubmissionStatus.COMPLETE,1637.6,
56445134,consegna_foreveryoung.tar.gz,2026-09-21 23:03:35.107000,"Replay Champion clone of 'forever young' (ladder rank 31, submission 56422843, score 2893): per-turn 1-nearest-neighbour over 116 of that team's PUBLIC replays, 192 features, copies the full joint action of the nearest state at the same turn; distance weighted per feature group (tiles 12.3, positions 6.1, hires 3.9, money 0.97, prices 0.53, seeds 0.25, shed 0.23, carried 0.09). Exact-copy rate on held-out games 73.4%. Bit-exact local engine, 10 seeds x 2 seats: 20/20 vs ttyn-agent-v3-11 (+66.6k), 20/20 vs the Bohann and Deodims anti-kNN tapes (+16.1k / +14.4k), 17/20 vs our cooked clone, 15/20 vs our Igor V clone. First clone of ours that never collapses against the anti-copy tapes. numpy only, 2.3 MB, 0.18 ms/turn.",SubmissionStatus.COMPLETE,1447.7,
56435198,ttyn-knn-animal-rules-i128-09454d5.tar.gz,2026-09-21 15:13:03.723000,ttyn KNN Animal Rules i128 canonical 09454d5 LocalLB #1 Elo 2021.5 850-110,SubmissionStatus.COMPLETE,1546.3,
56422469,bc_v6n_4800_senza_piano.tar.gz,2026-09-21 08:00:08.487000,BC v6n cura base_004800 SENZA piano del giorno (sessione V5 sui pesi V6),SubmissionStatus.COMPLETE,1360.0,
56405313,bc_v6n_cura_1100.tar.gz,2026-09-20 20:14:37.027000,"BC v6n cura base_001100 (piano del giorno, corpus majkel)",SubmissionStatus.COMPLETE,1157.0,
56399210,bc_v5n_majkel_800.tar.gz,2026-09-20 15:18:57.827000,"BC v5n majkel base_000800 (corpus majkel solo, 800 passi)",SubmissionStatus.COMPLETE,881.5,
56386502,bc_maestri_1300.tar.gz,2026-09-20 08:16:04.410000,"BC sui due maestri attuali della ladder (Majkel1337, M&M&P&Q), 1449 partite dall'8 set, senza la storia dei comandi in ingresso; 1300 aggiornamenti. Collaudo locale come exec: 88699 contro rancher_rita, 719 turni, zero errori.",SubmissionStatus.COMPLETE,667.3,
56359508,rl_lega_04_it4300.tar.gz,2026-09-19 12:59:48.333000,"RL V5 rl_lega_04 it4300 (lega 70, learner su giorg; lr-nuovi-v5 3, upgo 3, capacita ritarate f4d/f2b/f2e)",SubmissionStatus.COMPLETE,824.2,
56341966,consegna_yannik2.tar.gz,2026-09-18 22:19:33.067000,"Replay Champion clone of Yannik Schiffner's NEW submission 56328545 (ladder 2987.4, team rank 31): per-turn 1-nearest-neighbour over 103 of that player's PUBLIC replays, 192 features, copies the full joint action of the nearest state at the same turn; distance weighted per feature group (tiles 12.3, positions 6.1, hires 3.9, money 0.97, prices 0.53, seeds 0.25, shed 0.23, carried 0.09). Exact-copy rate on held-out games 61% (the player is more varied than his previous submission), but in paired self-play it beats our previous clone of his old submission 15-9 and our Igor V clone 17-7. Bit-exact local engine, 8 seeds x 2 seats: 14/16 vs our cooked clone (+10.5k), 14/16 vs ttyn-agent-v3-11, 12/16 vs the Deodims anti-copy tape, 16/16 vs the Bohann anti-copy tape. numpy only, 2.1 MB, 0.14 ms/turn.",SubmissionStatus.COMPLETE,1950.1,
56332439,rl_lega_04_it3420.tar.gz,2026-09-18 14:25:20.467000,"RL V5 rl_lega_04 it3420 (lega 55, esame 117/220)",SubmissionStatus.COMPLETE,853.6,
56314716,submission.tar.gz,2026-09-17 22:39:16.607000,"Sep17 five-day suffix: 27s cumulative search; Kaggle-built x86-64 library; 25/25 local complete, both-seat and Kaggle-kernel DONE",SubmissionStatus.COMPLETE,1900.6,
