episode,seat,type,created,opp_team,opp_submission,opp_team_id,steps,own,opp,own_status,opp_status,own_score_before,opp_score_before,own_score_after
113320881,1,EPISODE_TYPE_PUBLIC,2026-09-25T14:38:20.398Z,sdssJ0,56489962,16929820,720,185491.0,39709.0,DONE,DONE,,,
113322012,1,EPISODE_TYPE_PUBLIC,2026-09-25T14:42:16.142Z,2023314806_이승민,55974934,16795609,720,168591.0,49551.0,DONE,DONE,,,
113323179,1,EPISODE_TYPE_PUBLIC,2026-09-25T14:46:17.230Z,Wlemalin,56471408,16915663,720,169755.0,39517.0,DONE,DONE,,,
113324325,1,EPISODE_TYPE_PUBLIC,2026-09-25T14:50:16.525Z,Mohammad Osamah Atif,55322313,16670433,720,92112.0,32790.0,DONE,DONE,,,
113325467,0,EPISODE_TYPE_PUBLIC,2026-09-25T14:54:16.543Z,Henfry De Los Santos,55444576,16693374,720,117628.0,76549.0,DONE,DONE,,,
113326559,1,EPISODE_TYPE_PUBLIC,2026-09-25T14:58:19.008Z,wking edewd,55667884,16636909,720,101408.0,67951.0,DONE,DONE,,,
113327734,0,EPISODE_TYPE_PUBLIC,2026-09-25T15:02:18.701Z,Ashutosh Agarwal,56539255,16733748,720,150993.0,110403.0,DONE,DONE,,,
113328878,1,EPISODE_TYPE_PUBLIC,2026-09-25T15:06:16.233Z,Bishal Lamichhane,56279698,16803592,720,88011.0,62161.0,DONE,DONE,,,
113330021,1,EPISODE_TYPE_PUBLIC,2026-09-25T15:10:16.230Z,Jules,56539602,16643319,720,94161.0,69667.0,DONE,DONE,,,
113331165,0,EPISODE_TYPE_PUBLIC,2026-09-25T15:14:16.853Z,DharmParmar,56342430,16756765,720,108305.0,90214.0,DONE,DONE,,,
113332417,0,EPISODE_TYPE_PUBLIC,2026-09-25T15:18:20.532Z,cdaden,56091910,16845366,720,107220.0,91463.0,DONE,DONE,,,
113332833,1,EPISODE_TYPE_PUBLIC,2026-09-25T15:18:21.478Z,Aaweg,56551435,16658248,720,113890.0,97471.0,DONE,DONE,,,
113333611,0,EPISODE_TYPE_PUBLIC,2026-09-25T15:22:16.375Z,latentm,56267362,16896572,720,103841.0,86045.0,DONE,DONE,,,
113334777,0,EPISODE_TYPE_PUBLIC,2026-09-25T15:26:16.715Z,救赎之道，就在其中,56353367,16790652,720,109713.0,87804.0,DONE,DONE,,,
113335959,1,EPISODE_TYPE_PUBLIC,2026-09-25T15:30:21.397Z,Charismatic Pizza Party🍕,56358639,16623988,720,89325.0,85396.0,DONE,DONE,,,
113337111,0,EPISODE_TYPE_PUBLIC,2026-09-25T15:34:21.801Z,Sumukh M G,56453723,16842183,720,94005.0,83567.0,DONE,DONE,,,
113337742,0,EPISODE_TYPE_PUBLIC,2026-09-25T15:34:23.005Z,Ryotaro Minato,56549938,16675493,720,110255.0,97901.0,DONE,DONE,,,
113338282,0,EPISODE_TYPE_PUBLIC,2026-09-25T15:38:20.930Z,DataRockstar,56501511,16635745,720,75055.0,69369.0,DONE,DONE,,,
113339304,1,EPISODE_TYPE_PUBLIC,2026-09-25T15:38:23.098Z,Yuyajk,56512895,16671292,720,90704.0,62078.0,DONE,DONE,,,
113339498,1,EPISODE_TYPE_PUBLIC,2026-09-25T15:42:17.142Z,Terence0914,56544443,16740644,720,147645.0,103649.0,DONE,DONE,,,
113340664,1,EPISODE_TYPE_PUBLIC,2026-09-25T15:46:17.526Z,open5,56509166,16653303,720,86148.0,75726.0,DONE,DONE,,,
113341900,0,EPISODE_TYPE_PUBLIC,2026-09-25T15:50:17.623Z,kazuki morikawa,56547843,16755650,720,78892.0,67601.0,DONE,DONE,,,
113343110,0,EPISODE_TYPE_PUBLIC,2026-09-25T15:54:48.220Z,Oshbocker,56540222,16768239,720,105605.0,105430.0,DONE,DONE,,,
113344293,1,EPISODE_TYPE_PUBLIC,2026-09-25T15:58:49.585Z,ADARSH DWIVEDI,56549587,16833095,720,87296.0,75158.0,DONE,DONE,,,
113345454,0,EPISODE_TYPE_PUBLIC,2026-09-25T16:02:46.993Z,Rojiomote,56542413,16732857,720,106276.0,90277.0,DONE,DONE,,,
113346674,1,EPISODE_TYPE_PUBLIC,2026-09-25T16:06:51.287Z,Fateyongheng,56541525,16698366,720,88420.0,82460.0,DONE,DONE,,,
113347861,1,EPISODE_TYPE_PUBLIC,2026-09-25T16:10:47.043Z,Matt Motoki,56533423,16633950,720,100478.0,90567.0,DONE,DONE,,,
113348991,1,EPISODE_TYPE_PUBLIC,2026-09-25T16:14:46.191Z,in blue,56545605,16897610,720,105514.0,96377.0,DONE,DONE,,,
113350204,1,EPISODE_TYPE_PUBLIC,2026-09-25T16:18:48.532Z,xi luo,56513336,16677337,720,89962.0,82853.0,DONE,DONE,,,
113351363,1,EPISODE_TYPE_PUBLIC,2026-09-25T16:22:51.278Z,Ebi,56386266,16882725,720,116838.0,113245.0,DONE,DONE,,,
113352523,1,EPISODE_TYPE_PUBLIC,2026-09-25T16:26:48.457Z,sekai013,56481567,16752196,720,83196.0,87579.0,DONE,DONE,,,
113353705,0,EPISODE_TYPE_PUBLIC,2026-09-25T16:31:30.982Z,syouya tobita,56546559,16640785,720,90271.0,69842.0,DONE,DONE,,,
113354977,1,EPISODE_TYPE_PUBLIC,2026-09-25T16:34:47.943Z,Driz Lo,56526403,16748733,720,95430.0,83269.0,DONE,DONE,,,
113356176,0,EPISODE_TYPE_PUBLIC,2026-09-25T16:38:51.461Z,arutyunoff,56536712,16926467,720,132868.0,125291.0,DONE,DONE,,,
113357353,1,EPISODE_TYPE_PUBLIC,2026-09-25T16:42:47.220Z,Artem The Farmer 🍅,56553171,16621799,720,82538.0,88400.0,DONE,DONE,,,
113358537,0,EPISODE_TYPE_PUBLIC,2026-09-25T16:46:51.413Z,ymg_aq,56550773,16732403,720,94260.0,101417.0,DONE,DONE,,,
113359707,1,EPISODE_TYPE_PUBLIC,2026-09-25T16:50:46.878Z,RS Turley,56482104,16672709,720,83331.0,77861.0,DONE,DONE,,,
113360300,1,EPISODE_TYPE_PUBLIC,2026-09-25T16:50:47.995Z,Matt Motoki,56533423,16633950,720,104678.0,101542.0,DONE,DONE,,,
113360882,1,EPISODE_TYPE_PUBLIC,2026-09-25T16:54:49.121Z,feles99,56546787,16866398,720,91456.0,95072.0,DONE,DONE,,,
113362035,0,EPISODE_TYPE_PUBLIC,2026-09-25T16:58:58.021Z,keiz,56538125,16767215,720,79884.0,75667.0,DONE,DONE,,,
113363196,0,EPISODE_TYPE_PUBLIC,2026-09-25T17:02:49.084Z,SpaTaro,56516344,16640510,720,97793.0,100421.0,DONE,DONE,,,
113364348,0,EPISODE_TYPE_PUBLIC,2026-09-25T17:06:47.241Z,by,56545143,16740405,720,103633.0,99817.0,DONE,DONE,,,
113365502,0,EPISODE_TYPE_PUBLIC,2026-09-25T17:10:46.632Z,Sida Zuo,56508421,16664246,720,97916.0,102836.0,DONE,DONE,,,
113366769,1,EPISODE_TYPE_PUBLIC,2026-09-25T17:14:47.321Z,RS Turley,56481968,16672709,720,96644.0,95669.0,DONE,DONE,,,
113366873,0,EPISODE_TYPE_PUBLIC,2026-09-25T17:14:47.488Z,DECEM,56552482,16623559,720,104227.0,124045.0,DONE,DONE,,,
113367956,0,EPISODE_TYPE_PUBLIC,2026-09-25T17:18:52.887Z,chungkuangwen,56539495,16690763,720,87244.0,75309.0,DONE,DONE,,,
113368531,0,EPISODE_TYPE_PUBLIC,2026-09-25T17:18:53.941Z,mhw,56538024,16942171,720,112471.0,104799.0,DONE,DONE,,,
113369136,1,EPISODE_TYPE_PUBLIC,2026-09-25T17:22:47.379Z,ActiveMusyoku,56539872,16730676,720,94673.0,88004.0,DONE,DONE,,,
113370339,1,EPISODE_TYPE_PUBLIC,2026-09-25T17:26:48.643Z,Dipam Chakraborty,56519674,16811917,720,86367.0,86129.0,DONE,DONE,,,
113370351,1,EPISODE_TYPE_PUBLIC,2026-09-25T17:26:48.690Z,Otter Vibe,56552758,16760569,720,118129.0,118306.0,DONE,DONE,,,
113371510,1,EPISODE_TYPE_PUBLIC,2026-09-25T17:30:51.016Z,Hello San Francisco,56535610,16663946,720,77966.0,64752.0,DONE,DONE,,,
113372658,0,EPISODE_TYPE_PUBLIC,2026-09-25T17:35:14.181Z,sekai013,56547891,16752196,720,119433.0,122232.0,DONE,DONE,,,
113373814,0,EPISODE_TYPE_PUBLIC,2026-09-25T17:38:51.022Z,Sida Zuo,56508421,16664246,720,127009.0,125558.0,DONE,DONE,,,
113374980,1,EPISODE_TYPE_PUBLIC,2026-09-25T17:42:48.780Z,Azat Akhtyamov,56533452,16743356,720,126212.0,130830.0,DONE,DONE,,,
113376142,1,EPISODE_TYPE_PUBLIC,2026-09-25T17:46:50.584Z,sekai013,56481567,16752196,720,106283.0,101436.0,DONE,DONE,,,
113377396,1,EPISODE_TYPE_PUBLIC,2026-09-25T17:50:54.434Z,marwar22,56501104,16864314,720,74866.0,81258.0,DONE,DONE,,,
113378598,1,EPISODE_TYPE_PUBLIC,2026-09-25T17:56:33.759Z,marwar22,56507022,16864314,720,100175.0,99142.0,DONE,DONE,,,
113379764,1,EPISODE_TYPE_PUBLIC,2026-09-25T18:00:16.835Z,IsaiahP,56532828,16709127,720,90392.0,98025.0,DONE,DONE,,,
113380929,1,EPISODE_TYPE_PUBLIC,2026-09-25T18:05:01.675Z,Azat Akhtyamov,56533452,16743356,720,107517.0,108502.0,DONE,DONE,,,
113382083,0,EPISODE_TYPE_PUBLIC,2026-09-25T18:08:12.404Z,syouya tobita,56545809,16640785,720,102471.0,92621.0,DONE,DONE,,,
113383240,1,EPISODE_TYPE_PUBLIC,2026-09-25T18:12:13.986Z,Koba,56544929,16653199,720,117153.0,107173.0,DONE,DONE,,,
113384485,0,EPISODE_TYPE_PUBLIC,2026-09-25T18:16:20.026Z,摆烂小分队 🏆,56553838,16695046,720,133995.0,121274.0,DONE,DONE,,,
113385670,1,EPISODE_TYPE_PUBLIC,2026-09-25T18:20:13.642Z,3정훈,56554852,16723620,720,91692.0,89713.0,DONE,DONE,,,
113386834,1,EPISODE_TYPE_PUBLIC,2026-09-25T18:24:19.827Z,We wanna be tomatos,56547353,16632327,720,93462.0,99132.0,DONE,DONE,,,
