day,extra_hires,retry,predicted_success,deferred,prediction_wall_seconds
12,0,0,0.060100575198976103,0,8.8160999999999998e-05
12,1,0,0.083143935604171423,0,9.0870000000000002e-05
12,2,0,0.11349857683216037,0,0.00011244299999999999
14,0,0,0.019646709484672044,1,0.00034221799999999998
14,1,0,0.4892633321735152,0,0.00075998799999999996
16,0,0,0.2528730561882182,0,0.000154296
16,1,0,0.95472852308492462,0,0.00013784100000000001
16,2,0,0.98202728071182488,0,0.000115111
18,0,0,0.039084085034677654,0,0.000212072
18,1,0,0.50954098312020879,0,0.000141285
18,2,0,0.93237016873882606,0,0.000121422
19,0,0,0.11378960216002867,0,9.3851999999999995e-05
19,1,0,0.73091647949938232,0,0.00014942500000000001
20,0,0,0.014488327341103894,1,0.000180972
20,1,0,0.27265365094700666,0,0.00015517499999999999
20,2,0,0.74952619343972593,0,0.00012163999999999999
21,0,0,0.046020851050953375,0,0.000122466
21,1,0,0.63524519432381754,0,0.00018012700000000001
22,0,0,0.0061292129237055784,1,0.00016109300000000001
22,1,0,0.022433206583251597,0,0.00013868100000000001
22,2,0,0.25026577861897653,0,0.000111851
26,0,0,0.9248179756559004,0,0.00016179599999999999
28,0,0,0.98259820263311626,0,0.000142342
29,0,0,0.19115504504589248,0,7.5785999999999996e-05
