set,file,seed,seat,own,rival,margin,searched_days,changed_days,choices
search_space,ahmed_v25_base,900,0,85911,71158,14753,0,0,
search_space,ahmed_v25_base,900,1,93139,81034,12105,0,0,
search_space,ahmed_v25_base,901,0,92873,80661,12212,0,0,
search_space,ahmed_v25_base,901,1,92873,80661,12212,0,0,
search_space,ahmed_v25_base,902,0,116325,105810,10515,0,0,
search_space,ahmed_v25_base,902,1,116325,105810,10515,0,0,
search_space,ahmed_v25_base,903,0,90397,66721,23676,0,0,
search_space,ahmed_v25_base,903,1,86364,69908,16456,0,0,
search_space,ahmed_v25_base,904,0,84403,69848,14555,0,0,
search_space,ahmed_v25_base,904,1,84403,69848,14555,0,0,
search_space,ahmed_v25_base,905,0,103923,91427,12496,0,0,
search_space,ahmed_v25_base,905,1,103923,91427,12496,0,0,
search_space,ahmed_v25_base,906,0,121297,93753,27544,0,0,
search_space,ahmed_v25_base,906,1,121297,93753,27544,0,0,
search_space,ahmed_v25_base,907,0,147711,111113,36598,0,0,
search_space,ahmed_v25_base,907,1,147711,111113,36598,0,0,
search_space,ahmed_v25_compiler,900,0,87510,71409,16101,13,7,0002103012160
search_space,ahmed_v25_compiler,900,1,76651,50621,26030,13,6,0003243023000
search_space,ahmed_v25_compiler,901,0,118450,101261,17189,13,7,0003243300360
search_space,ahmed_v25_compiler,901,1,118450,101261,17189,13,7,0003243300360
search_space,ahmed_v25_compiler,902,0,140166,107877,32289,13,7,0002233043020
search_space,ahmed_v25_compiler,902,1,140166,107877,32289,13,7,0002233043020
search_space,ahmed_v25_compiler,903,0,91702,65828,25874,13,6,0002102022010
search_space,ahmed_v25_compiler,903,1,99105,79315,19790,13,4,0002442000000
search_space,ahmed_v25_compiler,904,0,81444,56466,24978,13,7,0002402023302
search_space,ahmed_v25_compiler,904,1,81444,56466,24978,13,7,0002402023302
search_space,ahmed_v25_compiler,905,0,124964,97664,27300,13,6,0001323300300
search_space,ahmed_v25_compiler,905,1,124964,97664,27300,13,6,0001323300300
search_space,ahmed_v25_compiler,906,0,135844,102652,33192,13,8,0002103224066
search_space,ahmed_v25_compiler,906,1,135844,102652,33192,13,8,0002103224066
search_space,ahmed_v25_compiler,907,0,157000,117996,39004,13,4,0003403000030
search_space,ahmed_v25_compiler,907,1,157000,117996,39004,13,4,0003403000030
search_space,ahmed_v25_network,900,0,138841,88593,50248,13,1,0000000010000
search_space,ahmed_v25_network,900,1,103237,81917,21320,13,5,0001000201014
search_space,ahmed_v25_network,901,0,86749,73461,13288,13,1,0000000000040
search_space,ahmed_v25_network,901,1,86749,73461,13288,13,1,0000000000040
search_space,ahmed_v25_network,902,0,143979,113100,30879,13,2,0002001000000
search_space,ahmed_v25_network,902,1,143979,113100,30879,13,2,0002001000000
search_space,ahmed_v25_network,903,0,106351,77185,29166,13,1,0000000060000
search_space,ahmed_v25_network,903,1,79950,57997,21953,13,2,0000002001000
search_space,ahmed_v25_network,904,0,93235,61530,31705,13,6,0001001022410
search_space,ahmed_v25_network,904,1,93235,61530,31705,13,6,0001001022410
search_space,ahmed_v25_network,905,0,127200,99875,27325,13,4,0002002002002
search_space,ahmed_v25_network,905,1,127200,99875,27325,13,4,0002002002002
search_space,ahmed_v25_network,906,0,146065,91956,54109,13,4,0000001001350
search_space,ahmed_v25_network,906,1,146065,91956,54109,13,4,0000001001350
search_space,ahmed_v25_network,907,0,145853,102312,43541,13,3,0001002000100
search_space,ahmed_v25_network,907,1,145853,102312,43541,13,3,0001002000100
search_space,king_rc4_base,900,0,123832,98205,25627,0,0,
search_space,king_rc4_base,900,1,93440,79814,13626,0,0,
search_space,king_rc4_base,901,0,112724,94853,17871,0,0,
search_space,king_rc4_base,901,1,112724,94853,17871,0,0,
search_space,king_rc4_base,902,0,142780,127553,15227,0,0,
search_space,king_rc4_base,902,1,142780,127553,15227,0,0,
search_space,king_rc4_base,903,0,112746,90215,22531,0,0,
search_space,king_rc4_base,903,1,112746,90215,22531,0,0,
search_space,king_rc4_base,904,0,103156,86003,17153,0,0,
search_space,king_rc4_base,904,1,103278,85056,18222,0,0,
search_space,king_rc4_base,905,0,95295,82573,12722,0,0,
search_space,king_rc4_base,905,1,95295,82573,12722,0,0,
search_space,king_rc4_base,906,0,110929,79441,31488,0,0,
search_space,king_rc4_base,906,1,110929,79441,31488,0,0,
search_space,king_rc4_base,907,0,124434,94616,29818,0,0,
search_space,king_rc4_base,907,1,124434,94616,29818,0,0,
search_space,king_rc4_compiler,900,0,128627,100080,28547,13,7,0003230333400
search_space,king_rc4_compiler,900,1,162825,134189,28636,13,8,0013400303312
search_space,king_rc4_compiler,901,0,110029,86689,23340,13,6,0003230000122
search_space,king_rc4_compiler,901,1,110029,86689,23340,13,6,0003230000122
search_space,king_rc4_compiler,902,0,153967,129655,24312,13,4,0010400410000
search_space,king_rc4_compiler,902,1,153967,129655,24312,13,4,0010400410000
search_space,king_rc4_compiler,903,0,149386,96974,52412,13,6,0010400303206
search_space,king_rc4_compiler,903,1,149386,96974,52412,13,6,0010400303206
search_space,king_rc4_compiler,904,0,93431,73077,20354,13,4,0003400310000
search_space,king_rc4_compiler,904,1,93431,73077,20354,13,4,0003400310000
search_space,king_rc4_compiler,905,0,116529,101485,15044,13,7,0003422040066
search_space,king_rc4_compiler,905,1,116529,101485,15044,13,7,0003422040066
search_space,king_rc4_compiler,906,0,115810,78666,37144,13,5,0001020300120
search_space,king_rc4_compiler,906,1,115810,78666,37144,13,5,0001020300120
search_space,king_rc4_compiler,907,0,124528,94608,29920,13,5,0003003420010
search_space,king_rc4_compiler,907,1,124528,94608,29920,13,5,0003003420010
search_space,king_rc4_network,900,0,119442,82987,36455,13,3,0000000021100
search_space,king_rc4_network,900,1,113155,79605,33550,13,2,0001200000000
search_space,king_rc4_network,901,0,134354,109114,25240,13,2,0000000021000
search_space,king_rc4_network,901,1,134354,109114,25240,13,2,0000000021000
search_space,king_rc4_network,902,0,148982,129300,19682,13,2,0000004001000
search_space,king_rc4_network,902,1,148982,129300,19682,13,2,0000004001000
search_space,king_rc4_network,903,0,148551,94030,54521,13,3,0000002032000
search_space,king_rc4_network,903,1,148551,94030,54521,13,3,0000002032000
search_space,king_rc4_network,904,0,108028,77383,30645,13,3,0000002011000
search_space,king_rc4_network,904,1,108028,77383,30645,13,3,0000002011000
search_space,king_rc4_network,905,0,111918,88317,23601,13,4,0002002010030
search_space,king_rc4_network,905,1,111918,88317,23601,13,4,0002002010030
search_space,king_rc4_network,906,0,117635,82352,35283,13,1,0002000000000
search_space,king_rc4_network,906,1,117635,82352,35283,13,1,0002000000000
search_space,king_rc4_network,907,0,155317,102325,52992,13,2,0000002004000
search_space,king_rc4_network,907,1,155317,102325,52992,13,2,0000002004000
