category,set,file,reference,games,wins,losses,draws,mean_margin
cpp_mirror,candmirror,cand_combo_1600,cand_so2rw,40,16,24,0,-1139
cpp_mirror,candmirror,cand_dl22_1300,cand_so2rw,40,24,16,0,841
cpp_mirror,candmirror,cand_dl22_1400,cand_so2rw,40,20,20,0,191
cpp_mirror,candmirror,cand_dsm6_1400,cand_so2rw,40,31,9,0,1507
cpp_mirror,candmirror,cand_dsm6_1500,cand_so2rw,40,26,14,0,1116
cpp_mirror,candmirror,cand_dsm6_1600,cand_so2rw,40,23,17,0,-332
cpp_mirror,candmirror,cand_dsm6dl22_1500,cand_so2rw,40,22,18,0,810
cpp_mirror,candmirror,cand_dsm6hc_1300,cand_dsm6,40,8,8,24,0
cpp_mirror,candmirror,cand_dsm6hc_1400,cand_dsm6,40,10,10,20,0
cpp_mirror,candmirror,cand_dsm6hc_1500,cand_dsm6,40,11,11,18,-4
cpp_mirror,candmirror,cand_dsm6s100_1400,cand_so2rw,40,19,21,0,-889
cpp_mirror,candmirror,cand_ens_1400,cand_dsm6,40,8,32,0,-1218
cpp_mirror,candmirror,cand_lv12_1300,cand_so2rw,40,5,33,2,-2877
cpp_mirror,candmirror,cand_open_dsm_1300,cand_dsm6,40,16,24,0,-90
cpp_mirror,candmirror,cand_open_majkel_1300,cand_dsm6,40,9,31,0,-3125
cpp_mirror,candmirror,cand_qa60_6_14_1300,cand_dsm6,40,21,9,10,105
cpp_mirror,candmirror,cand_qa70_6_12_1300,cand_dsm6,40,24,12,4,113
cpp_mirror,candmirror,cand_qa70_8_14_1300,cand_dsm6,40,26,12,2,570
cpp_mirror,candmirror,cand_qa70_8_14_1400,cand_dsm6,40,19,15,6,496
cpp_mirror,candmirror,cand_reach6_1300,cand_dsm6,40,29,11,0,499
cpp_mirror,candmirror,cand_reach6_1400,cand_dsm6,40,25,9,6,1111
cpp_mirror,candmirror,cand_reach6_1500,cand_dsm6,40,32,8,0,1813
cpp_mirror,candmirror,cand_reach8_1300,cand_dsm6,40,24,16,0,-382
cpp_mirror,candmirror,cand_reach8q7_1300,cand_dsm6,40,24,14,2,59
cpp_mirror,candmirror,cand_reach8q7_1400,cand_dsm6,40,15,15,10,418
cpp_mirror,candmirror,cand_s10_dsm_1300,cand_dsm6,40,23,17,0,-1095
cpp_mirror,candmirror,cand_s11_dsm_1300,cand_dsm6,40,12,28,0,-1531
cpp_mirror,candmirror,cand_s5_dsm_1300,cand_dsm6,40,16,24,0,-1518
cpp_mirror,candmirror,cand_s6_dsm_1300,cand_dsm6,40,9,31,0,-2548
cpp_mirror,candmirror,cand_s7_dsm_1300,cand_dsm6,40,3,37,0,-3515
cpp_mirror,candmirror,cand_s8_dsm_1300,cand_dsm6,40,7,33,0,-3132
cpp_mirror,candmirror,cand_s9_dsm_1300,cand_dsm6,40,11,29,0,-3174
cpp_mirror,candmirror,cand_str100_1400,cand_so2rw,40,24,16,0,1562
cpp_mirror,candmirror,cand_v12_ft50_dsm_1400,cand_dsm6,40,15,25,0,-915
cpp_mirror,candmirror,cand_v12_s4_dsm_1400,cand_dsm6,40,19,21,0,-624
cpp_mirror,candmirror,dsm6_vs_so2rw_7000,,40,17,23,0,-891
cpp_mirror,candmirror,fin_B100_1300,fin_I,40,21,19,0,-185
cpp_mirror,candmirror,fin_B100_1400,fin_I,40,15,25,0,-304
cpp_mirror,candmirror,fin_B30_1300,fin_I,40,17,23,0,-365
cpp_mirror,candmirror,fin_B30_1400,fin_I,40,20,20,0,-244
cpp_mirror,candmirror,fin_B70_1300,fin_I,40,27,13,0,324
cpp_mirror,candmirror,fin_B70_1400,fin_I,40,19,21,0,202
cpp_mirror,candmirror,fin_B85_1300,fin_I,40,25,15,0,150
cpp_mirror,candmirror,fin_B85_1400,fin_I,40,17,23,0,-289
cpp_mirror,candmirror,fin_C_1300,cand_so2rw,40,26,14,0,1140
cpp_mirror,candmirror,fin_C_1400,cand_so2rw,40,31,9,0,2018
cpp_mirror,candmirror,fin_C_1500,cand_so2rw,40,26,14,0,1522
cpp_mirror,candmirror,fin_C_1600,cand_so2rw,40,23,17,0,-332
cpp_mirror,candmirror,fin_C_7000,cand_so2rw,40,15,25,0,-1253
cpp_mirror,candmirror,fin_D_1300,cand_so2rw,40,28,12,0,219
cpp_mirror,candmirror,fin_D_1400,cand_so2rw,40,31,9,0,1920
cpp_mirror,candmirror,fin_D_1500,cand_so2rw,40,29,11,0,1441
cpp_mirror,candmirror,fin_D_1600,cand_so2rw,40,20,20,0,-1193
cpp_mirror,candmirror,fin_D_7000,cand_so2rw,40,18,22,0,-679
cpp_mirror,candmirror,fin_E_1300,cand_so2rw,40,16,24,0,-600
cpp_mirror,candmirror,fin_E_1400,cand_so2rw,40,23,17,0,-30
cpp_mirror,candmirror,fin_E_1500,cand_so2rw,40,26,14,0,1338
cpp_mirror,candmirror,fin_E_1600,cand_so2rw,40,17,21,2,-149
cpp_mirror,candmirror,fin_E_7000,cand_so2rw,40,22,18,0,711
cpp_mirror,candmirror,fin_F_1300,fin_D,40,9,11,20,-97
cpp_mirror,candmirror,fin_G_1300,fin_D,40,28,12,0,916
cpp_mirror,candmirror,fin_G_1400,fin_D,40,29,11,0,570
cpp_mirror,candmirror,fin_G_1500,fin_D,40,31,9,0,1394
cpp_mirror,candmirror,fin_H_1300,fin_D,40,35,5,0,5212
cpp_mirror,candmirror,fin_H_1400,fin_D,40,30,10,0,4865
cpp_mirror,candmirror,fin_H_1500,fin_D,40,36,4,0,5116
cpp_mirror,candmirror,fin_I_1300,cand_so2rw,40,33,7,0,3409
cpp_mirror,candmirror,fin_I_1400,cand_so2rw,40,34,6,0,4320
cpp_mirror,candmirror,fin_I_1500,cand_so2rw,40,34,6,0,3335
cpp_mirror,candmirror,fin_I_1600,cand_so2rw,40,28,12,0,1921
cpp_mirror,candmirror,fin_I_7000,cand_so2rw,40,35,5,0,3123
cpp_mirror,candmirror,fin_Iv_1300,fin_I,40,13,27,0,-1468
cpp_mirror,candmirror,fin_J2_1300,fin_I,40,19,13,8,189
cpp_mirror,candmirror,fin_J2_1400,fin_I,40,25,11,4,190
cpp_mirror,candmirror,fin_J_1300,fin_I,40,23,17,0,-153
cpp_mirror,candmirror,fin_J_1400,fin_I,40,25,15,0,669
cpp_mirror,candmirror,fin_J_1500,fin_I,40,25,15,0,1265
cpp_mirror,candmirror,fin_K_1300,fin_I,40,9,31,0,-2224
cpp_mirror,candmirror,fin_L_1300,fin_I,40,21,19,0,266
cpp_mirror,candmirror,fin_L_1400,fin_I,40,21,19,0,434
cpp_mirror,candmirror,fin_L_1500,fin_I,40,23,11,6,238
cpp_mirror,candmirror,fin_L_1600,fin_I,40,21,15,4,367
cpp_mirror,candmirror,fin_L_7000,fin_I,40,16,22,2,204
cpp_mirror,candmirror,fin_M_1300,fin_I,40,22,18,0,382
cpp_mirror,candmirror,fin_M_1400,fin_I,40,19,21,0,-987
cpp_mirror,candmirror,fin_N_1300,fin_I,40,21,19,0,89
cpp_mirror,candmirror,fin_N_1400,fin_I,40,26,14,0,801
cpp_mirror,candmirror,fin_N_1500,fin_I,40,13,27,0,-722
cpp_mirror,candmirror,fin_P_1300,fin_I,40,24,16,0,612
cpp_mirror,candmirror,fin_P_1400,fin_I,40,31,9,0,1395
cpp_mirror,candmirror,fin_P_1500,fin_I,40,19,21,0,153
cpp_mirror,candmirror,fin_P_7000,fin_I,40,15,25,0,29
cpp_mirror,candmirror,fin_Q_1300,fin_I,40,16,24,0,5
cpp_mirror,candmirror,fin_Q_1400,fin_I,40,24,16,0,227
cpp_mirror,candmirror,fin_R_1300,fin_I,40,16,24,0,-266
cpp_mirror,candmirror,fin_R_1400,fin_I,40,24,16,0,249
cpp_mirror,candmirror,fin_S_1300,fin_I,40,18,22,0,-138
cpp_mirror,candmirror,fin_S_1400,fin_I,40,20,20,0,-169
cpp_mirror,candmirror,fin_S_1500,fin_I,40,17,23,0,-576
cpp_mirror,candmirror,fin_T_1300,fin_I,40,17,23,0,-181
cpp_mirror,candmirror,fin_T_1400,fin_I,40,28,12,0,735
cpp_mirror,candmirror,fin_U_1300,fin_I,40,23,15,2,46
cpp_mirror,candmirror,fin_U_1400,fin_I,40,26,12,2,526
cpp_mirror,candmirror,fin_V_1300,fin_I,40,19,21,0,-49
cpp_mirror,candmirror,fin_V_1400,fin_I,40,27,13,0,1026
cpp_mirror,candmirror,fin_W_1300,fin_I,40,32,8,0,1215
cpp_mirror,candmirror,fin_W_1400,fin_I,40,27,13,0,-812
cpp_mirror,candmirror,fin_Y_1300,fin_I,40,36,4,0,2285
cpp_mirror,candmirror,fin_Y_1400,fin_I,40,29,11,0,-685
cpp_mirror,candmirror,knob_mid16_1300,cand_dsm6,40,7,33,0,-3626
cpp_mirror,candmirror,knob_mid1_1300,cand_dsm6,40,26,14,0,1536
cpp_mirror,candmirror,knob_mid1_1400,cand_dsm6,40,17,23,0,-529
cpp_mirror,candmirror,knob_mid1_1500,cand_dsm6,40,16,24,0,-134
cpp_mirror,candmirror,knob_mid22_1300,cand_dsm6,40,8,32,0,-3985
cpp_mirror,candmirror,knob_mid3_1300,cand_dsm6,40,19,21,0,-289
cpp_mirror,candmirror,knob_mid7_1300,cand_dsm6,40,19,21,0,-315
cpp_mirror,candmirror,knob_mid8_1300,cand_dsm6,40,19,21,0,-209
cpp_mirror,candmirror,knob_mid9_1300,cand_dsm6,40,7,33,0,-2379
cpp_mirror,knobmirror,dsm3_1300,cand_dsm6,20,7,11,2,-964
cpp_mirror,knobmirror,dsm9_1300,cand_dsm6,20,10,10,0,-1021
cpp_mirror,knobmirror,dsmall_1300,cand_dsm6,20,4,16,0,-1313
cpp_mirror,knobmirror,op_decem6_1300,cand_so2rw,40,20,20,0,134
cpp_mirror,knobmirror,op_dsm6_1300,cand_so2rw,40,25,15,0,895
cpp_mirror,knobmirror,op_goose6_1300,cand_so2rw,40,23,17,0,291
cpp_mirror,knobmirror,op_majkel6_1300,cand_so2rw,40,0,40,0,-4825
cpp_mirror,knobmirror,op_none_1300,cand_so2rw,40,10,30,0,-1512
cpp_mirror,knobmirror,op_vadim3_1300,cand_so2rw,40,17,23,0,-716
cpp_mirror,knobmirror,op_vadim9_1300,cand_so2rw,40,20,20,0,-589
cpp_mirror,knobmirror,st10_1300,cand_dsm6,20,1,19,0,-4841
cpp_mirror,knobmirror,st11_1300,cand_dsm6,20,4,16,0,-1795
cpp_mirror,knobmirror,st12_1300,cand_dsm6,20,0,20,0,-10244
cpp_mirror,knobmirror,st13_1300,cand_dsm6,20,6,14,0,-1141
cpp_mirror,knobmirror,st14_1300,cand_dsm6,20,3,17,0,-4448
cpp_mirror,knobmirror,st15_1300,cand_dsm6,20,2,18,0,-5162
cpp_mirror,knobmirror,st16_1300,cand_dsm6,20,11,9,0,-111
cpp_mirror,knobmirror,st17_1300,cand_dsm6,20,6,14,0,-1105
cpp_mirror,knobmirror,st18_1300,cand_dsm6,20,4,16,0,-2512
cpp_mirror,knobmirror,st19_1300,cand_dsm6,20,10,10,0,-371
cpp_mirror,knobmirror,st1_1300,cand_dsm6,20,8,12,0,316
cpp_mirror,knobmirror,st20_1300,cand_dsm6,20,4,16,0,-4831
cpp_mirror,knobmirror,st21_1300,cand_dsm6,20,4,16,0,-2251
cpp_mirror,knobmirror,st22_1300,cand_dsm6,20,10,10,0,986
cpp_mirror,knobmirror,st23_1300,cand_dsm6,20,2,18,0,-4054
cpp_mirror,knobmirror,st24_1300,cand_dsm6,20,0,20,0,-23168
cpp_mirror,knobmirror,st25_1300,cand_dsm6,20,2,18,0,-5656
cpp_mirror,knobmirror,st26_1300,cand_dsm6,20,5,15,0,-2597
cpp_mirror,knobmirror,st27_1300,cand_dsm6,20,0,20,0,-7151
cpp_mirror,knobmirror,st28_1300,cand_dsm6,20,6,14,0,-318
cpp_mirror,knobmirror,st29_1300,cand_dsm6,20,0,20,0,-7999
cpp_mirror,knobmirror,st4_1300,cand_dsm6,20,9,11,0,-560
cpp_mirror,knobmirror,st5_1300,cand_dsm6,20,5,15,0,-1720
cpp_mirror,knobmirror,st6_1300,cand_dsm6,20,2,18,0,-2749
cpp_mirror,knobmirror,str100_1300,cand_so2rw,40,25,15,0,750
cpp_mirror,knobmirror,str200_1300,cand_so2rw,40,19,21,0,306
cpp_mirror,knobmirror,str250_1300,cand_so2rw,40,18,22,0,485
cpp_mirror,netmirror,cand_v16_vadim6,cand_so2rw,40,7,33,0,-4133
cpp_mirror,netmirror,cand_v18_vadim6,cand_so2rw,40,4,36,0,-3914
cpp_mirror,netmirror,v12_aug,cand_so2rw,40,18,22,0,-910
cpp_mirror,netmirror,v12_s2,cand_so2rw,40,19,21,0,-1508
cpp_mirror,netmirror,v12_s3,cand_so2rw,40,5,35,0,-3123
cpp_mirror,netmirror,v12_s4,cand_so2rw,40,20,20,0,169
cpp_mirror,netmirror,v13_w384b,cand_so2rw,40,14,26,0,-1693
cpp_mirror,netmirror,v14_all,cand_so2rw,40,15,25,0,-1769
cpp_mirror,sellorder,s1so2_vs_so2,cand_so2,40,8,32,0,-2804
cpp_mirror,sellorder,so1_vs_c2a,cand_c2a,40,36,4,0,9234
cpp_mirror,sellorder,so2_vs_c2a,cand_c2a,40,39,1,0,11597
cpp_mirror,sellorder,so2_vs_so1,cand_so1,40,36,4,0,3164
cpp_mirror,sellorder,so2fv_vs_so2,cand_so2,40,21,13,6,-46
cpp_mirror,sellorder,so2race_vs_so2,cand_so2,40,20,20,0,531
cpp_mirror,sellorder,so2rw_vs_so2,cand_so2,40,28,10,2,646
cpp_mirror,sellorder,so2rwfc_vs_so2rw,cand_so2rw,40,10,30,0,-1302
cpp_mirror,sellorder,so2tm_vs_so2,cand_so2,40,16,14,10,269
cpp_mirror,abl_Y,Yrs_1404,,1,1,0,0,949
cpp_mirror,abl_Y,Yrs_1409,,1,1,0,0,1335
cpp_mirror,abl_Y,Yrs_1417,,1,0,1,0,-480
cpp_mirror,abl_Y,forecast_prior_1404,,2,2,0,0,1754
cpp_mirror,abl_Y,forecast_prior_1409,,2,2,0,0,3035
cpp_mirror,abl_Y,forecast_prior_1417,,2,2,0,0,3328
cpp_mirror,abl_Y,melon_tie_now_1404,,2,0,2,0,-26662
cpp_mirror,abl_Y,melon_tie_now_1409,,2,0,2,0,-11217
cpp_mirror,abl_Y,melon_tie_now_1417,,2,0,2,0,-25809
cpp_mirror,abl_Y,race_early_1404,,2,0,2,0,-28609
cpp_mirror,abl_Y,race_early_1409,,2,0,2,0,-10060
cpp_mirror,abl_Y,race_early_1417,,2,0,2,0,-24311
cpp_mirror,abl_Y,race_steps_1404,,2,0,2,0,-28588
cpp_mirror,abl_Y,race_steps_1409,,2,0,2,0,-11169
cpp_mirror,abl_Y,race_steps_1417,,2,0,2,0,-23590
cpp_mirror,mirror1,fin_I_rs_1300,fin_I,20,6,5,9,147
cpp_mirror,mirror1,fin_I_rs_1400,fin_I,20,7,6,7,-62
cpp_mirror,mirror1,fin_Y_rs_1300,fin_I,20,19,1,0,2826
cpp_mirror,mirror1,fin_Y_rs_1400,fin_I,20,18,2,0,2556
cpp_mirror,mirror1,fin_Z_1300,fin_I,20,19,1,0,3817
cpp_mirror,mirror1,fin_Z_1400,fin_I,20,19,1,0,2014
cpp_mirror,mirror1,fin_Z_rs_1300,fin_I,20,19,1,0,6638
cpp_mirror,mirror1,fin_Z_rs_1400,fin_I,20,18,2,0,3971
cpp_mirror,mirror1,fin_Z_sd_1300,fin_I,20,17,3,0,6400
cpp_mirror,mirror1,fin_Z_sd_1400,fin_I,20,15,5,0,5943
cpp_mirror,h2h1,Yrs_vs_Zrs_1300,fin_Z_rs,20,8,12,0,-260
cpp_mirror,h2h1,Yrs_vs_Zrs_1400,fin_Z_rs,20,6,14,0,-1875
cpp_mirror,h2h1,Yrs_vs_Zrs_1500,fin_Z_rs,20,9,11,0,-566
cpp_mirror,q4probe,fin_Q4a,fin_I,20,11,9,0,-1998
cpp_mirror,q4probe,fin_Q4b,fin_I,20,12,8,0,-1144
cpp_mirror,q4probe,fin_Q4c,fin_I,20,12,8,0,-599
cpp_mirror,q4probe,fin_Q4n,fin_I,20,18,2,0,5125
cpp_mirror,q4probe,fin_Q4s,fin_I,20,8,12,0,182
cpp_mirror,q4probe,fin_Z_rs,fin_I,20,19,1,0,6638
cpp_mirror,q4probe,fin_Z_rs_land10,fin_I,20,12,8,0,4812
cpp_mirror,q4probe,fin_Z_rs_land11,fin_I,20,12,8,0,1312
cpp_mirror,q4probe,fin_Z_rs_o14,fin_I,20,18,2,0,2847
cpp_mirror,q4probe,fin_Z_rs_o30,fin_I,20,17,3,0,2576
cpp_panels,panel/cand1_gates,agent_sep23,,32,31,1,0,27116
cpp_panels,panel/cand1_gates,ahmed_v25,,32,32,0,0,26018
cpp_panels,panel/cand1_gates,arlene_v4_m31,,32,32,0,0,23351
cpp_panels,panel/cand1_gates,king_rc4,,32,32,0,0,24923
cpp_panels,panel/cand1_gates,teammate_shoprouter,,32,32,0,0,29887
cpp_panels,panel/cand_fast,agent_sep23,,32,32,0,0,21951
cpp_panels,panel/cand_fast,ahmed_v25,,32,32,0,0,12942
cpp_panels,panel/cand_fast,arlene_v4_m31,,32,32,0,0,19974
cpp_panels,panel/cand_fast,investment_context_guarded_001_best,,32,32,0,0,16504
cpp_panels,panel/cand_fast,king_rc4,,32,32,0,0,19197
cpp_panels,panel/cand_fast,teammate_shoprouter,,32,32,0,0,26112
cpp_panels,panel/cand_fast,two_random_shop_league_v179,,32,32,0,0,62047
cpp_panels,panel/cpp_fin_I,agent_sep23,,32,32,0,0,30511
cpp_panels,panel/cpp_fin_I,ahmed_v25,,32,32,0,0,33230
cpp_panels,panel/cpp_fin_I,arlene_v4_m31,,32,32,0,0,28220
cpp_panels,panel/cpp_fin_I,investment_context_guarded_001_best,,32,32,0,0,25875
cpp_panels,panel/cpp_fin_I,king_rc4,,32,32,0,0,26874
cpp_panels,panel/cpp_fin_I,teammate_shoprouter,,32,32,0,0,30910
cpp_panels,panel/cpp_fin_I,two_random_shop_league_v179,,32,32,0,0,73424
cpp_panels,panel/cpp_fin_S,agent_sep23,,32,32,0,0,33133
cpp_panels,panel/cpp_fin_S,ahmed_v25,,32,32,0,0,33154
cpp_panels,panel/cpp_fin_S,arlene_v4_m31,,32,32,0,0,31807
cpp_panels,panel/cpp_fin_S,investment_context_guarded_001_best,,32,32,0,0,28929
cpp_panels,panel/cpp_fin_S,king_rc4,,32,32,0,0,25553
cpp_panels,panel/cpp_fin_S,teammate_shoprouter,,32,32,0,0,31530
cpp_panels,panel/cpp_fin_S,two_random_shop_league_v179,,32,32,0,0,73400
cpp_panels,panel/cpp_fin_T,agent_sep23,,32,32,0,0,32734
cpp_panels,panel/cpp_fin_T,ahmed_v25,,32,32,0,0,34074
cpp_panels,panel/cpp_fin_T,arlene_v4_m31,,32,32,0,0,28164
cpp_panels,panel/cpp_fin_T,investment_context_guarded_001_best,,32,32,0,0,26244
cpp_panels,panel/cpp_fin_T,king_rc4,,32,32,0,0,26044
cpp_panels,panel/cpp_fin_T,teammate_shoprouter,,32,32,0,0,31021
cpp_panels,panel/cpp_fin_T,two_random_shop_league_v179,,32,32,0,0,75370
cpp_panels,panel/cpp_fin_U,agent_sep23,,32,32,0,0,30529
cpp_panels,panel/cpp_fin_U,ahmed_v25,,32,32,0,0,31065
cpp_panels,panel/cpp_fin_U,arlene_v4_m31,,32,32,0,0,29151
cpp_panels,panel/cpp_fin_U,investment_context_guarded_001_best,,32,32,0,0,27224
cpp_panels,panel/cpp_fin_U,king_rc4,,32,32,0,0,23449
cpp_panels,panel/cpp_fin_U,teammate_shoprouter,,32,32,0,0,30930
cpp_panels,panel/cpp_fin_U,two_random_shop_league_v179,,32,32,0,0,76211
cpp_panels,panel/cpp_fin_V,agent_sep23,,32,32,0,0,31608
cpp_panels,panel/cpp_fin_V,ahmed_v25,,32,32,0,0,31131
cpp_panels,panel/cpp_fin_V,arlene_v4_m31,,32,32,0,0,28988
cpp_panels,panel/cpp_fin_V,investment_context_guarded_001_best,,32,32,0,0,26799
cpp_panels,panel/cpp_fin_V,king_rc4,,32,32,0,0,23219
cpp_panels,panel/cpp_fin_V,teammate_shoprouter,,32,32,0,0,30484
cpp_panels,panel/cpp_fin_V,two_random_shop_league_v179,,32,32,0,0,77913
cpp_panels,panel/cpp_fin_W,agent_sep23,,32,32,0,0,29949
cpp_panels,panel/cpp_fin_W,ahmed_v25,,32,32,0,0,30907
cpp_panels,panel/cpp_fin_W,arlene_v4_m31,,32,32,0,0,30164
cpp_panels,panel/cpp_fin_W,king_rc4,,32,32,0,0,29553
cpp_panels,panel/cpp_fin_W,teammate_shoprouter,,32,32,0,0,33752
cpp_panels,panel/cpp_fin_Y,agent_sep23,,32,32,0,0,33857
cpp_panels,panel/cpp_fin_Y,ahmed_v25,,32,32,0,0,31000
cpp_panels,panel/cpp_fin_Y,arlene_v4_m31,,32,32,0,0,29731
cpp_panels,panel/cpp_fin_Y,investment_context_guarded_001_best,,32,32,0,0,26006
cpp_panels,panel/cpp_fin_Y,king_rc4,,32,32,0,0,28760
cpp_panels,panel/cpp_fin_Y,teammate_shoprouter,,32,32,0,0,33622
cpp_panels,panel/cpp_fin_Y,two_random_shop_league_v179,,32,32,0,0,76908
cpp_panels,panel/cpp_fin_Y_rs,agent_sep23,,32,32,0,0,35084
cpp_panels,panel/cpp_fin_Y_rs,ahmed_v25,,32,32,0,0,31049
cpp_panels,panel/cpp_fin_Y_rs,arlene_v4_m31,,32,32,0,0,29353
cpp_panels,panel/cpp_fin_Y_rs,investment_context_guarded_001_best,,32,32,0,0,26574
cpp_panels,panel/cpp_fin_Y_rs,king_rc4,,32,32,0,0,30054
cpp_panels,panel/cpp_fin_Y_rs,teammate_shoprouter,,32,32,0,0,33256
cpp_panels,panel/cpp_fin_Y_rs,two_random_shop_league_v179,,32,32,0,0,76908
cpp_panels,panel/cpp_fin_Z_rs,agent_sep23,,32,32,0,0,29735
cpp_panels,panel/cpp_fin_Z_rs,ahmed_v25,,32,30,2,0,32671
cpp_panels,panel/cpp_fin_Z_rs,arlene_v4_m31,,32,32,0,0,29448
cpp_panels,panel/cpp_fin_Z_rs,investment_context_guarded_001_best,,32,32,0,0,30881
cpp_panels,panel/cpp_fin_Z_rs,king_rc4,,32,32,0,0,26579
cpp_panels,panel/cpp_fin_Z_rs,teammate_shoprouter,,32,32,0,0,32559
cpp_panels,panel/cpp_fin_Z_rs,two_random_shop_league_v179,,32,32,0,0,76842
cpp_panels,panel/race10_gates,agent_sep23,,32,32,0,0,24614
cpp_panels,panel/race10_gates,ahmed_v25,,32,32,0,0,26102
cpp_panels,panel/race10_gates,arlene_v4_m31,,32,32,0,0,30744
cpp_panels,panel/race10_gates,investment_context_guarded_001_best,,32,32,0,0,25798
cpp_panels,panel/race10_gates,king_rc4,,32,32,0,0,25319
cpp_panels,panel/race10_gates,teammate_shoprouter,,32,32,0,0,33614
cpp_panels,panel/race10_gates,two_random_shop_league_v179,,32,32,0,0,67730
cpp_panels,panel/so2_gates,agent_sep23,,32,32,0,0,25419
cpp_panels,panel/so2_gates,ahmed_v25,,32,32,0,0,23953
cpp_panels,panel/so2_gates,arlene_v4_m31,,32,32,0,0,27533
cpp_panels,panel/so2_gates,investment_context_guarded_001_best,,32,32,0,0,25088
cpp_panels,panel/so2_gates,king_rc4,,32,32,0,0,24832
cpp_panels,panel/so2_gates,teammate_shoprouter,,32,32,0,0,30567
cpp_panels,panel/so2_gates,two_random_shop_league_v179,,32,32,0,0,67590
cpp_panels,panel/so2rw_gates,agent_sep23,,32,32,0,0,27706
cpp_panels,panel/so2rw_gates,ahmed_v25,,32,32,0,0,26605
cpp_panels,panel/so2rw_gates,arlene_v4_m31,,32,32,0,0,27666
cpp_panels,panel/so2rw_gates,investment_context_guarded_001_best,,32,32,0,0,26040
cpp_panels,panel/so2rw_gates,king_rc4,,32,32,0,0,25507
cpp_panels,panel/so2rw_gates,teammate_shoprouter,,32,32,0,0,32306
cpp_panels,panel/so2rw_gates,two_random_shop_league_v179,,32,32,0,0,68572
cpp_panels,panel/trim0_gates,agent_sep23,,32,32,0,0,26633
cpp_panels,panel/trim0_gates,ahmed_v25,,32,32,0,0,27570
cpp_panels,panel/trim0_gates,arlene_v4_m31,,32,32,0,0,26285
cpp_panels,panel/trim0_gates,investment_context_guarded_001_best,,32,32,0,0,25240
cpp_panels,panel/trim0_gates,king_rc4,,32,32,0,0,25297
cpp_panels,panel/trim0_gates,teammate_shoprouter,,32,32,0,0,32930
cpp_panels,panel/trim0_gates,two_random_shop_league_v179,,32,32,0,0,65510
cpp_panels,panel/v11,agent_sep23,,32,32,0,0,18798
cpp_panels,panel/v11,ahmed_v25,,32,30,2,0,14335
cpp_panels,panel/v11,arlene_v4_m31,,32,32,0,0,21452
cpp_panels,panel/v11,investment_context_guarded_001_best,,32,32,0,0,13053
cpp_panels,panel/v11,king_rc4,,32,32,0,0,22213
cpp_panels,panel/v11,teammate_shoprouter,,32,32,0,0,23858
cpp_panels,panel/v11,two_random_shop_league_v179,,32,32,0,0,59671
cpp_panels,panel/v12_aug,agent_sep23,,32,30,2,0,22556
cpp_panels,panel/v12_aug,ahmed_v25,,32,32,0,0,17860
cpp_panels,panel/v12_aug,arlene_v4_m31,,32,30,2,0,21865
cpp_panels,panel/v12_aug,investment_context_guarded_001_best,,32,32,0,0,18966
cpp_panels,panel/v12_aug,king_rc4,,32,32,0,0,22450
cpp_panels,panel/v12_aug,teammate_shoprouter,,32,30,2,0,23037
cpp_panels,panel/v12_aug,two_random_shop_league_v179,,32,32,0,0,67765
cpp_panels,panel/v12_cond,agent_sep23,,32,32,0,0,22540
cpp_panels,panel/v12_cond,ahmed_v25,,32,32,0,0,15695
cpp_panels,panel/v12_cond,arlene_v4_m31,,32,32,0,0,13089
cpp_panels,panel/v12_cond,bc_decem,,32,20,12,0,3303
cpp_panels,panel/v12_cond,bc_dsm,,32,24,8,0,2090
cpp_panels,panel/v12_cond,bc_goose,,32,28,4,0,6752
cpp_panels,panel/v12_cond,bc_majkel,,32,13,19,0,-886
cpp_panels,panel/v12_cond,bc_mm,,32,29,3,0,9752
cpp_panels,panel/v12_cond,bc_v11,,32,24,8,0,8288
cpp_panels,panel/v12_cond,bc_v9,,32,28,4,0,5647
cpp_panels,panel/v12_cond,bc_vadim,,32,14,18,0,-794
cpp_panels,panel/v12_cond,investment_context_guarded_001_best,,32,30,2,0,18984
cpp_panels,panel/v12_cond,king_rc4,,32,32,0,0,18834
cpp_panels,panel/v12_cond,teammate_shoprouter,,32,32,0,0,19362
cpp_panels,panel/v12_cond,two_random_shop_league_v179,,32,32,0,0,74632
cpp_panels,panel/v12_open6_vadim,agent_sep23,,32,32,0,0,26065
cpp_panels,panel/v12_open6_vadim,ahmed_v25,,32,32,0,0,16548
cpp_panels,panel/v12_open6_vadim,arlene_v4_m31,,32,32,0,0,19191
cpp_panels,panel/v12_open6_vadim,investment_context_guarded_001_best,,32,32,0,0,16802
cpp_panels,panel/v12_open6_vadim,king_rc4,,32,32,0,0,19740
cpp_panels,panel/v12_open6_vadim,teammate_shoprouter,,32,32,0,0,25337
cpp_panels,panel/v12_open6_vadim,two_random_shop_league_v179,,32,32,0,0,63279
cpp_panels,panel/x1_gates,agent_sep23,,32,32,0,0,25331
cpp_panels,panel/x1_gates,ahmed_v25,,32,32,0,0,23827
cpp_panels,panel/x1_gates,arlene_v4_m31,,32,32,0,0,27006
cpp_panels,panel/x1_gates,investment_context_guarded_001_best,,32,32,0,0,25016
cpp_panels,panel/x1_gates,king_rc4,,32,32,0,0,24665
cpp_panels,panel/x1_gates,teammate_shoprouter,,32,32,0,0,30439
cpp_panels,panel/x1_gates,two_random_shop_league_v179,,32,32,0,0,68033
cpp_panels,screen/d_all10k,ahmed_v25,,32,28,4,0,10536
cpp_panels,screen/d_all10k,arlene_v4_m31,,32,28,4,0,11304
cpp_panels,screen/d_all10k,king_rc4,,32,28,4,0,17851
cpp_panels,screen/d_all10k,teammate_shoprouter,,32,30,2,0,18017
cpp_panels,screen/d_recent10k,ahmed_v25,,32,22,10,0,9277
cpp_panels,screen/d_recent10k,arlene_v4_m31,,32,28,4,0,10265
cpp_panels,screen/d_recent10k,king_rc4,,32,29,3,0,9864
cpp_panels,screen/d_recent10k,teammate_shoprouter,,32,30,2,0,14954
cpp_panels,screen/d_top10k,ahmed_v25,,32,16,16,0,-557
cpp_panels,screen/d_top10k,arlene_v4_m31,,32,18,14,0,548
cpp_panels,screen/d_top10k,king_rc4,,32,20,12,0,2309
cpp_panels,screen/d_top10k,teammate_shoprouter,,32,21,11,0,6603
cpp_panels,screen/d_win10k,ahmed_v25,,32,26,6,0,8891
cpp_panels,screen/d_win10k,arlene_v4_m31,,32,28,4,0,13238
cpp_panels,screen/d_win10k,king_rc4,,32,28,4,0,10808
cpp_panels,screen/d_win10k,teammate_shoprouter,,32,32,0,0,15196
cpp_panels,screen/ens_v12_majkel_vadim,ahmed_v25,,32,28,4,0,14441
cpp_panels,screen/ens_v12_majkel_vadim,arlene_v4_m31,,32,32,0,0,13706
cpp_panels,screen/ens_v12_majkel_vadim,king_rc4,,32,32,0,0,18872
cpp_panels,screen/ens_v12_majkel_vadim,teammate_shoprouter,,32,32,0,0,17216
cpp_panels,screen/majkel_open6_dsm,ahmed_v25,,32,32,0,0,21234
cpp_panels,screen/majkel_open6_dsm,arlene_v4_m31,,32,32,0,0,20974
cpp_panels,screen/majkel_open6_dsm,king_rc4,,32,32,0,0,22052
cpp_panels,screen/majkel_open6_dsm,teammate_shoprouter,,32,32,0,0,23321
cpp_panels,screen/v11_noguard,ahmed_v25,,32,30,2,0,14430
cpp_panels,screen/v11_noguard,arlene_v4_m31,,32,32,0,0,21452
cpp_panels,screen/v11_noguard,king_rc4,,32,32,0,0,22213
cpp_panels,screen/v11_noguard,teammate_shoprouter,,32,32,0,0,23858
cpp_panels,screen/v11_noreserve,ahmed_v25,,32,32,0,0,25560
cpp_panels,screen/v11_noreserve,arlene_v4_m31,,32,32,0,0,25405
cpp_panels,screen/v11_noreserve,king_rc4,,32,32,0,0,18218
cpp_panels,screen/v11_noreserve,teammate_shoprouter,,32,32,0,0,30653
cpp_panels,screen/v11_trimcrops,ahmed_v25,,32,28,4,0,12153
cpp_panels,screen/v11_trimcrops,arlene_v4_m31,,32,30,2,0,16279
cpp_panels,screen/v11_trimcrops,king_rc4,,32,32,0,0,17358
cpp_panels,screen/v11_trimcrops,teammate_shoprouter,,32,32,0,0,18402
cpp_panels,screen/v12_cond_s0,ahmed_v25,,32,30,2,0,10032
cpp_panels,screen/v12_cond_s0,arlene_v4_m31,,32,28,4,0,10881
cpp_panels,screen/v12_cond_s0,king_rc4,,32,28,4,0,8052
cpp_panels,screen/v12_cond_s0,teammate_shoprouter,,32,28,4,0,11670
cpp_panels,screen/v12_noreserve,ahmed_v25,,32,30,2,0,16319
cpp_panels,screen/v12_noreserve,arlene_v4_m31,,32,30,2,0,13464
cpp_panels,screen/v12_noreserve,king_rc4,,32,30,2,0,22313
cpp_panels,screen/v12_noreserve,teammate_shoprouter,,32,28,4,0,15092
cpp_panels,screen/v12_open12_vadim,ahmed_v25,,64,62,2,0,17687
cpp_panels,screen/v12_open12_vadim,king_rc4,,64,64,0,0,22223
cpp_panels,screen/v12_open3_vadim,ahmed_v25,,64,62,2,0,18422
cpp_panels,screen/v12_open3_vadim,king_rc4,,64,64,0,0,18253
cpp_panels,screen/v12_open6_style1,ahmed_v25,,32,30,2,0,11482
cpp_panels,screen/v12_open6_style1,king_rc4,,32,32,0,0,28871
cpp_panels,screen/v12_open6_style2,ahmed_v25,,32,32,0,0,17883
cpp_panels,screen/v12_open6_style2,king_rc4,,32,32,0,0,16116
cpp_panels,screen/v12_open6_style3,ahmed_v25,,32,32,0,0,16476
cpp_panels,screen/v12_open6_style3,king_rc4,,32,30,2,0,21454
cpp_panels,screen/v12_open6_style7,ahmed_v25,,32,32,0,0,23890
cpp_panels,screen/v12_open6_style7,king_rc4,,32,32,0,0,23403
cpp_panels,screen/v12_open6_style8,ahmed_v25,,32,32,0,0,16548
cpp_panels,screen/v12_open6_style8,king_rc4,,32,32,0,0,19740
cpp_panels,screen/v12_open6_style9,ahmed_v25,,32,32,0,0,22030
cpp_panels,screen/v12_open6_style9,king_rc4,,32,32,0,0,20792
cpp_panels,screen/v12_open9_vadim,ahmed_v25,,64,64,0,0,20376
cpp_panels,screen/v12_open9_vadim,king_rc4,,64,64,0,0,18072
cpp_panels,screen/v12_reserve_from1,ahmed_v25,,32,32,0,0,15695
cpp_panels,screen/v12_reserve_from1,arlene_v4_m31,,32,32,0,0,13089
cpp_panels,screen/v12_reserve_from1,king_rc4,,32,32,0,0,18834
cpp_panels,screen/v12_reserve_from1,teammate_shoprouter,,32,32,0,0,19362
cpp_panels,screen/v12_str-100,ahmed_v25,,32,30,2,0,15312
cpp_panels,screen/v12_str-100,arlene_v4_m31,,32,32,0,0,18280
cpp_panels,screen/v12_str-100,king_rc4,,32,32,0,0,24919
cpp_panels,screen/v12_str-100,teammate_shoprouter,,32,32,0,0,25281
cpp_panels,screen/v12_str300,ahmed_v25,,32,30,2,0,16398
cpp_panels,screen/v12_str300,arlene_v4_m31,,32,32,0,0,15300
cpp_panels,screen/v12_str300,king_rc4,,32,32,0,0,19687
cpp_panels,screen/v12_str300,teammate_shoprouter,,32,30,2,0,18456
cpp_panels,screen/v12_style1,ahmed_v25,,32,28,4,0,10059
cpp_panels,screen/v12_style1,king_rc4,,32,32,0,0,24016
cpp_panels,screen/v12_style2,ahmed_v25,,32,28,4,0,11846
cpp_panels,screen/v12_style2,king_rc4,,32,32,0,0,13752
cpp_panels,screen/v12_style3,ahmed_v25,,32,32,0,0,16603
cpp_panels,screen/v12_style3,king_rc4,,32,32,0,0,18675
cpp_panels,screen/v12_style7,ahmed_v25,,32,32,0,0,17249
cpp_panels,screen/v12_style7,king_rc4,,32,32,0,0,21200
cpp_panels,screen/v12_style8,ahmed_v25,,32,32,0,0,15896
cpp_panels,screen/v12_style8,king_rc4,,32,32,0,0,19122
cpp_panels,screen/v12_style9,ahmed_v25,,32,28,4,0,10491
cpp_panels,screen/v12_style9,king_rc4,,32,30,2,0,15826
cpp_panels,screen/v13_w384_s29k,ahmed_v25,,32,32,0,0,17081
cpp_panels,screen/v13_w384_s29k,arlene_v4_m31,,32,30,2,0,16011
cpp_panels,screen/v13_w384_s29k,king_rc4,,32,32,0,0,15145
cpp_panels,screen/v13_w384_s29k,teammate_shoprouter,,32,28,4,0,20532
cpp_panels,screen/zoo_majkel,ahmed_v25,,32,32,0,0,17300
cpp_panels,screen/zoo_majkel,arlene_v4_m31,,32,32,0,0,18760
cpp_panels,screen/zoo_majkel,king_rc4,,32,32,0,0,21164
cpp_panels,screen/zoo_majkel,teammate_shoprouter,,32,32,0,0,19781
cpp_panels,screen/zoo_vadim,ahmed_v25,,32,32,0,0,21814
cpp_panels,screen/zoo_vadim,arlene_v4_m31,,32,30,2,0,23448
cpp_panels,screen/zoo_vadim,king_rc4,,32,30,2,0,16300
cpp_panels,screen/zoo_vadim,teammate_shoprouter,,32,32,0,0,27308
cpp_panels,zoo/so2,zoo_decem,,32,32,0,0,12732
cpp_panels,zoo/so2,zoo_dsm,,32,32,0,0,13572
cpp_panels,zoo/so2,zoo_goose,,32,30,2,0,11657
cpp_panels,zoo/so2,zoo_majkel,,32,32,0,0,13170
cpp_panels,zoo/so2,zoo_mm,,32,32,0,0,12837
cpp_panels,zoo/so2,zoo_vadim,,32,32,0,0,10992
cpp_panels,zoo/so2rw,zoo_decem,,32,32,0,0,14949
cpp_panels,zoo/so2rw,zoo_dsm,,32,32,0,0,13796
cpp_panels,zoo/so2rw,zoo_goose,,32,32,0,0,12549
cpp_panels,zoo/so2rw,zoo_majkel,,32,32,0,0,12806
cpp_panels,zoo/so2rw,zoo_mm,,32,32,0,0,14355
cpp_panels,zoo/so2rw,zoo_vadim,,32,32,0,0,11468
cpp_panels,zoo/v12_herd,zoo_decem,,32,23,9,0,3889
cpp_panels,zoo/v12_herd,zoo_dsm,,32,22,10,0,2747
cpp_panels,zoo/v12_herd,zoo_goose,,32,22,10,0,2760
cpp_panels,zoo/v12_herd,zoo_majkel,,32,27,5,0,5239
cpp_panels,zoo/v12_herd,zoo_mm,,32,20,12,0,1007
cpp_panels,zoo/v12_herd,zoo_vadim,,32,24,8,0,2546
cpp_panels,zoo/v16_herd,zoo_decem,,32,12,20,0,-436
cpp_panels,zoo/v16_herd,zoo_dsm,,32,12,20,0,-979
cpp_panels,zoo/v16_herd,zoo_goose,,32,14,18,0,-212
cpp_panels,zoo/v16_herd,zoo_majkel,,32,15,17,0,-682
cpp_panels,zoo/v16_herd,zoo_mm,,32,19,13,0,1402
cpp_panels,zoo/v16_herd,zoo_vadim,,32,19,13,0,-189
cpp_panels,zoo/v18_herd,zoo_decem,,32,22,10,0,984
cpp_panels,zoo/v18_herd,zoo_dsm,,32,11,21,0,2372
cpp_panels,zoo/v18_herd,zoo_goose,,32,21,11,0,1790
cpp_panels,zoo/v18_herd,zoo_majkel,,32,18,14,0,133
cpp_panels,zoo/v18_herd,zoo_mm,,32,11,21,0,-2234
cpp_panels,zoo/v18_herd,zoo_vadim,,32,14,18,0,-330
cpp_panels,final,investment_context_guarded_001_best,,64,64,0,0,15362
cpp_panels,final,king_rc4,,64,64,0,0,18638
cpp_panels,final,one_shop_no_geese_league_winner_v1,,64,64,0,0,75934
cpp_panels,final,pass,,4,4,0,0,168672
cpp_panels,final,sep23_fresh_seeds,,64,61,3,0,19216
cpp_panels,final,teammate_shoprouter,,64,0,64,0,-156832
cpp_panels,final,two_random_shop_league_v179,,64,62,2,0,49948
cpp_panels,final2,king,,64,60,4,0,12825
cpp_panels,final2,sep23,,64,50,14,0,7116
cpp_panels,final2,teammate_shoprouter,,64,64,0,0,22497
cpp_panels,final2,ahmed,,64,60,4,0,12718
cpp_panels,final2,arlene,,64,62,2,0,19303
cpp_panels,final2,king,,64,60,4,0,12825
cpp_panels,final2,sep23,,64,50,14,0,7116
cpp_panels,final2,teammate_shoprouter,,64,64,0,0,22497
cpp_panels,final2,icg,,64,60,4,0,15206
cpp_panels,final2,king_both,,64,62,2,0,13309
cpp_panels,final2,pass,,8,8,0,0,146471
cpp_panels,final2,sep23_b5,,64,61,3,0,19408
cpp_panels,final2,sep23_both,,64,48,16,0,5801
cpp_panels,final2,sep23_buf,,64,44,20,0,-4866
cpp_panels,final2,sep23_early,,64,44,20,0,-4893
cpp_panels,final2,sep23_ft_decem,,64,54,10,0,12799
cpp_panels,final2,sep23_ft_dsm,,64,49,15,0,4521
cpp_panels,final2,sep23_ft_goose,,64,30,34,0,-486
cpp_panels,final2,sep23_guard,,64,56,8,0,9309
cpp_panels,final2,sep23_light,,64,61,3,0,19408
cpp_panels,final2,sep23_nocap,,64,50,14,0,7120
cpp_panels,final2,sep23_noreserve,,64,61,3,0,19446
cpp_panels,final2,sep23_r2,,64,49,15,0,6205
cpp_panels,final2,style0_agent_sep23,,64,51,13,0,14828
cpp_panels,final2,style0_king_rc4,,64,60,4,0,12772
cpp_panels,final2,style0_teammate_shoprouter,,64,63,1,0,18883
cpp_panels,final2,trs,,64,60,4,0,42678
cpp_panels,final2,ts_b5,,64,0,64,0,-123737
cpp_panels,final2,ts_both,,64,64,0,0,22676
cpp_panels,final2,ts_buf,,64,64,0,0,21033
cpp_panels,final2,ts_early,,64,64,0,0,21030
cpp_panels,final2,ts_guard,,64,52,12,0,-11163
cpp_panels,final2,ts_light,,64,0,64,0,-123737
cpp_panels,final2,ts_r2,,64,64,0,0,22603
frozen_replays,panel/c2a_gates,replay,,145,134,11,0,46829
frozen_replays,panel/c2b_gates,replay,,145,131,14,0,47664
frozen_replays,panel/cand_fast,replay,,145,127,18,0,43402
frozen_replays,panel/dsm6_gates,replay,,145,134,11,0,48829
frozen_replays,panel/finI_gates,replay,,145,143,2,0,54435
frozen_replays,panel/race10_gates,replay,,145,139,6,0,47395
frozen_replays,panel/reach8_gates,replay,,145,139,6,0,50264
frozen_replays,panel/so2_gates,replay,,145,135,10,0,47335
frozen_replays,panel/so2rw_gates,replay,,145,136,9,0,47680
frozen_replays,panel/tm_gates,replay,,145,136,9,0,52183
frozen_replays,panel/tmrace_gates,replay,,145,137,8,0,52856
frozen_replays,panel/trim0_gates,replay,,145,132,13,0,48067
frozen_replays,panel/v11,replay,,145,123,22,0,40758
frozen_replays,panel/v12_aug,replay,,145,134,11,0,45421
frozen_replays,panel/v12_cond,replay,,145,126,19,0,42569
frozen_replays,panel/v12_open6_vadim,replay,,145,127,18,0,43590
frozen_replays,panel/x10_gates,replay,,145,134,11,0,47750
frozen_replays,panel/x1_gates,replay,,145,130,15,0,44226
search_space,search_space,ahmed_v25_base,,16,16,0,0,18427
search_space,search_space,ahmed_v25_compiler,,16,16,0,0,27231
search_space,search_space,ahmed_v25_network,,16,16,0,0,32774
search_space,search_space,king_rc4_base,,16,16,0,0,20871
search_space,search_space,king_rc4_compiler,,16,16,0,0,28890
search_space,search_space,king_rc4_network,,16,16,0,0,34621
python_harness,flex/base/lb,ahmed-productive-wheat-v54,,16,12,4,0,9584
python_harness,flex/base/lb,arsgorynich-herd-safe-v3,,16,12,4,0,9560
python_harness,flex/base/lb,wzhengbiao-v15stack,,16,12,4,0,9826
python_harness,flex/c_hold_spot/lb,ahmed-productive-wheat-v54,,16,12,4,0,9003
python_harness,flex/c_hold_spot/lb,arsgorynich-herd-safe-v3,,16,12,4,0,8956
python_harness,flex/c_hold_spot/lb,wzhengbiao-v15stack,,16,12,4,0,9031
python_harness,flex/c_ladder_fast/lb,ahmed-productive-wheat-v54,,16,14,2,0,9683
python_harness,flex/c_ladder_fast/lb,arsgorynich-herd-safe-v3,,16,14,2,0,9235
python_harness,flex/c_ladder_fast/lb,wzhengbiao-v15stack,,16,14,2,0,8562
python_harness,flex/c_no_cash_guard/lb,ahmed-productive-wheat-v54,,16,12,4,0,9584
python_harness,flex/c_no_cash_guard/lb,arsgorynich-herd-safe-v3,,16,12,4,0,9560
python_harness,flex/c_no_cash_guard/lb,wzhengbiao-v15stack,,16,12,4,0,9826
python_harness,flex/c_no_reserve/lb,ahmed-productive-wheat-v54,,16,12,4,0,-12198
python_harness,flex/c_no_reserve/lb,arsgorynich-herd-safe-v3,,16,11,5,0,-12911
python_harness,flex/c_no_reserve/lb,wzhengbiao-v15stack,,16,10,6,0,-12428
python_harness,flex/c_rival_half/lb,ahmed-productive-wheat-v54,,16,12,4,0,8980
python_harness,flex/c_rival_half/lb,arsgorynich-herd-safe-v3,,16,12,4,0,9044
python_harness,flex/c_rival_half/lb,wzhengbiao-v15stack,,16,11,5,0,9036
python_harness,flex/c_rival_stock20/lb,ahmed-productive-wheat-v54,,16,12,4,0,10029
python_harness,flex/c_rival_stock20/lb,arsgorynich-herd-safe-v3,,16,12,4,0,9767
python_harness,flex/c_rival_stock20/lb,wzhengbiao-v15stack,,16,12,4,0,10230
python_harness,flex/c_trim_crops/lb,ahmed-productive-wheat-v54,,16,16,0,0,14017
python_harness,flex/c_trim_crops/lb,arsgorynich-herd-safe-v3,,16,16,0,0,14289
python_harness,flex/c_trim_crops/lb,wzhengbiao-v15stack,,16,16,0,0,13769
python_harness,flex/c_trim_model/lb,ahmed-productive-wheat-v54,,16,14,2,0,10034
python_harness,flex/c_trim_model/lb,arsgorynich-herd-safe-v3,,16,13,3,0,9527
python_harness,flex/c_trim_model/lb,wzhengbiao-v15stack,,16,14,2,0,10114
python_harness,flex/n_animal35/lb,ahmed-productive-wheat-v54,,16,12,4,0,7012
python_harness,flex/n_animal35/lb,arsgorynich-herd-safe-v3,,16,14,2,0,6932
python_harness,flex/n_animal35/lb,wzhengbiao-v15stack,,16,12,4,0,7189
python_harness,flex/n_animal65/lb,ahmed-productive-wheat-v54,,16,13,3,0,9761
python_harness,flex/n_animal65/lb,arsgorynich-herd-safe-v3,,16,14,2,0,9654
python_harness,flex/n_animal65/lb,wzhengbiao-v15stack,,16,14,2,0,10328
python_harness,flex/n_crop35/lb,ahmed-productive-wheat-v54,,16,14,2,0,13650
python_harness,flex/n_crop35/lb,arsgorynich-herd-safe-v3,,16,12,4,0,12114
python_harness,flex/n_crop35/lb,wzhengbiao-v15stack,,16,14,2,0,13508
python_harness,flex/n_crop65/lb,ahmed-productive-wheat-v54,,16,12,4,0,8188
python_harness,flex/n_crop65/lb,arsgorynich-herd-safe-v3,,16,12,4,0,8359
python_harness,flex/n_crop65/lb,wzhengbiao-v15stack,,16,12,4,0,8584
python_harness,flex/n_land_down/lb,ahmed-productive-wheat-v54,,16,12,4,0,9584
python_harness,flex/n_land_down/lb,arsgorynich-herd-safe-v3,,16,12,4,0,9560
python_harness,flex/n_land_down/lb,wzhengbiao-v15stack,,16,12,4,0,9826
python_harness,flex/n_land_up/lb,ahmed-productive-wheat-v54,,16,14,2,0,10428
python_harness,flex/n_land_up/lb,arsgorynich-herd-safe-v3,,16,14,2,0,10423
python_harness,flex/n_land_up/lb,wzhengbiao-v15stack,,16,14,2,0,10386
python_harness,flex/n_open_dsm/lb,ahmed-productive-wheat-v54,,16,16,0,0,9841
python_harness,flex/n_open_dsm/lb,arsgorynich-herd-safe-v3,,16,16,0,0,9701
python_harness,flex/n_open_dsm/lb,wzhengbiao-v15stack,,16,16,0,0,14736
python_harness,flex/n_sample/lb,ahmed-productive-wheat-v54,,16,13,3,0,6889
python_harness,flex/n_sample/lb,arsgorynich-herd-safe-v3,,16,13,3,0,5428
python_harness,flex/n_sample/lb,wzhengbiao-v15stack,,16,12,4,0,6448
python_harness,h2h/c2a,pavel-bc-opus-v12-herd,,40,13,13,14,26
python_harness,h2h/c2a,pavel-bc-opus-v12-robust,,40,31,9,0,3513
python_harness,h2h/c2a_old,pavel-bc-opus-v12-herd,,40,13,13,14,26
python_harness,h2h/c2a_old,pavel-bc-opus-v12-robust,,40,31,9,0,3513
python_harness,h2h/c2b,pavel-bc-opus-v12-herd,,40,21,19,0,9899
python_harness,h2h/c2c,pavel-bc-opus-v12-herd,,40,13,13,14,26
python_harness,h2h/c2c,pavel-bc-opus-v12-robust,,40,21,19,0,-509
python_harness,h2h/c2c,pavel-bc-opus-v12-vadim,,40,35,5,0,5574
python_harness,h2h/c2csp,pavel-bc-opus-v12-herd,,40,33,7,0,14518
python_harness,h2h/c2csp,pavel-bc-opus-v12-robust,,40,37,3,0,7497
python_harness,h2h/cand1,pavel-bc-opus-v12-herd,,40,11,29,0,-3097
python_harness,h2h/cand1,pavel-bc-opus-v12-vadim,,35,22,13,0,1204
python_harness,h2h/so2_ppo,ppo-v6n-it60,,20,18,2,0,14287
python_harness,h2h/so2rw_ppo,ppo-v6n-it60,,20,17,3,0,12794
python_harness,h2h/sp,pavel-bc-opus-v12-herd,,40,36,4,0,9226
python_harness,h2h/sp,pavel-bc-opus-v12-robust,,40,40,0,0,11372
python_harness,knobs/care_all,ahmed-productive-wheat-v54,,32,16,16,0,2166
python_harness,knobs/care_all,arsgorynich-herd-safe-v3,,32,14,18,0,1466
python_harness,knobs/collect_all,ahmed-productive-wheat-v54,,32,28,4,0,8883
python_harness,knobs/collect_all,arsgorynich-herd-safe-v3,,32,28,4,0,7742
python_harness,knobs/harvest_all,ahmed-productive-wheat-v54,,32,26,6,0,8176
python_harness,knobs/harvest_all,arsgorynich-herd-safe-v3,,32,28,4,0,7824
python_harness,knobs/land_minus2,ahmed-productive-wheat-v54,,32,22,10,0,6078
python_harness,knobs/land_minus2,arsgorynich-herd-safe-v3,,32,24,8,0,5962
python_harness,knobs/land_plus2,ahmed-productive-wheat-v54,,32,24,8,0,5971
python_harness,knobs/land_plus2,arsgorynich-herd-safe-v3,,32,26,6,0,7027
python_harness,knobs/q_animal_035,ahmed-productive-wheat-v54,,32,22,10,0,2356
python_harness,knobs/q_animal_035,arsgorynich-herd-safe-v3,,32,21,11,0,1668
python_harness,knobs/q_animal_065,ahmed-productive-wheat-v54,,32,24,8,0,4425
python_harness,knobs/q_animal_065,arsgorynich-herd-safe-v3,,32,26,6,0,7187
python_harness,knobs/q_crop_035,ahmed-productive-wheat-v54,,32,26,6,0,5930
python_harness,knobs/q_crop_035,arsgorynich-herd-safe-v3,,32,24,8,0,5790
python_harness,knobs/q_crop_065,ahmed-productive-wheat-v54,,32,16,16,0,5396
python_harness,knobs/q_crop_065,arsgorynich-herd-safe-v3,,32,16,16,0,4907
python_harness,lb10/base/lb,ahmed-productive-wheat-v54,,48,40,8,0,8669
python_harness,lb10/base/lb,arlene-farmer-john-idle-seller,,48,42,6,0,9549
python_harness,lb10/base/lb,arlene-farmer-john-wheat-seller,,48,40,8,0,8669
python_harness,lb10/base/lb,arsgorynich-herd-safe-v3,,48,40,8,0,8567
python_harness,lb10/base/lb,cha22-route-replay,,48,41,7,0,10154
python_harness,lb10/base/lb,haideptry-master-hybrid-2965,,48,42,6,0,9549
python_harness,lb10/base/lb,shiiin9-order-book,,48,40,8,0,8568
python_harness,lb10/base/lb,sunil-idle-workers,,48,42,6,0,9549
python_harness,lb10/base/lb,wzhengbiao-v15stack,,48,38,10,0,7745
python_harness,lb10/base/lb,yannik2-replay-champion,,48,48,0,0,18385
python_harness,lb10/c2b/lb,ahmed-productive-wheat-v54,,24,22,2,0,11553
python_harness,lb10/c2b/lb,arlene-farmer-john-idle-seller,,24,22,2,0,12538
python_harness,lb10/c2b/lb,arlene-farmer-john-wheat-seller,,24,22,2,0,11553
python_harness,lb10/c2b/lb,arsgorynich-herd-safe-v3,,24,22,2,0,11003
python_harness,lb10/c2b/lb,cha22-route-replay,,24,24,0,0,12458
python_harness,lb10/c2b/lb,haideptry-master-hybrid-2965,,24,22,2,0,12538
python_harness,lb10/c2b/lb,shiiin9-order-book,,24,22,2,0,10999
python_harness,lb10/c2b/lb,sunil-idle-workers,,24,22,2,0,12538
python_harness,lb10/c2b/lb,wzhengbiao-v15stack,,24,22,2,0,12112
python_harness,lb10/c2b/lb,yannik2-replay-champion,,24,24,0,0,20244
python_harness,lb10/cand1_holdout/lb,ahmed-productive-wheat-v54,,24,24,0,0,18501
python_harness,lb10/cand1_holdout/lb,arlene-farmer-john-idle-seller,,24,24,0,0,18076
python_harness,lb10/cand1_holdout/lb,arlene-farmer-john-wheat-seller,,24,24,0,0,18501
python_harness,lb10/cand1_holdout/lb,arsgorynich-herd-safe-v3,,24,24,0,0,17919
python_harness,lb10/cand1_holdout/lb,cha22-route-replay,,24,24,0,0,17555
python_harness,lb10/cand1_holdout/lb,haideptry-master-hybrid-2965,,7,7,0,0,18050
python_harness,lb10/crop35/lb,ahmed-productive-wheat-v54,,48,42,6,0,11759
python_harness,lb10/crop35/lb,arlene-farmer-john-idle-seller,,26,24,2,0,12364
python_harness,lb10/race10/lb,ahmed-productive-wheat-v54,,24,24,0,0,14546
python_harness,lb10/race10/lb,arlene-farmer-john-idle-seller,,24,24,0,0,14565
python_harness,lb10/race10/lb,arlene-farmer-john-wheat-seller,,24,24,0,0,14546
python_harness,lb10/race10/lb,arsgorynich-herd-safe-v3,,24,24,0,0,15013
python_harness,lb10/race10/lb,cha22-route-replay,,24,24,0,0,14940
python_harness,lb10/race10/lb,haideptry-master-hybrid-2965,,24,24,0,0,14565
python_harness,lb10/race10/lb,shiiin9-order-book,,24,24,0,0,15016
python_harness,lb10/race10/lb,sunil-idle-workers,,24,24,0,0,14565
python_harness,lb10/race10/lb,wzhengbiao-v15stack,,24,24,0,0,15017
python_harness,lb10/race10/lb,yannik2-replay-champion,,24,24,0,0,20549
python_harness,lb10/so2rw/lb,ahmed-productive-wheat-v54,,12,12,0,0,19766
python_harness,lb10/so2rw/lb,arlene-farmer-john-idle-seller,,12,12,0,0,19451
python_harness,lb10/so2rw/lb,arlene-farmer-john-wheat-seller,,12,12,0,0,19766
python_harness,lb10/so2rw/lb,arsgorynich-herd-safe-v3,,12,12,0,0,20189
python_harness,lb10/so2rw/lb,cha22-route-replay,,12,12,0,0,18712
python_harness,lb10/so2rw/lb,haideptry-master-hybrid-2965,,12,12,0,0,19451
python_harness,lb10/so2rw/lb,shiiin9-order-book,,12,12,0,0,20192
python_harness,lb10/so2rw/lb,sunil-idle-workers,,12,12,0,0,19451
python_harness,lb10/so2rw/lb,wzhengbiao-v15stack,,12,12,0,0,18234
python_harness,lb10/so2rw/lb,yannik2-replay-champion,,12,12,0,0,28311
python_harness,lb10/sp/lb,ahmed-productive-wheat-v54,,24,24,0,0,13887
python_harness,lb10/sp/lb,arlene-farmer-john-idle-seller,,24,24,0,0,14196
python_harness,lb10/sp/lb,arlene-farmer-john-wheat-seller,,24,24,0,0,13887
python_harness,lb10/sp/lb,arsgorynich-herd-safe-v3,,24,24,0,0,14385
python_harness,lb10/sp/lb,cha22-route-replay,,24,24,0,0,12761
python_harness,lb10/sp/lb,haideptry-master-hybrid-2965,,24,24,0,0,14196
python_harness,lb10/sp/lb,shiiin9-order-book,,24,24,0,0,14491
python_harness,lb10/sp/lb,sunil-idle-workers,,24,24,0,0,14196
python_harness,lb10/sp/lb,wzhengbiao-v15stack,,24,24,0,0,14743
python_harness,lb10/sp/lb,yannik2-replay-champion,,24,24,0,0,22937
python_harness,lb10/tmrace/lb,ahmed-productive-wheat-v54,,24,24,0,0,14877
python_harness,lb10/tmrace/lb,arlene-farmer-john-idle-seller,,24,24,0,0,14841
python_harness,lb10/tmrace/lb,arlene-farmer-john-wheat-seller,,24,24,0,0,14877
python_harness,lb10/tmrace/lb,arsgorynich-herd-safe-v3,,24,24,0,0,14511
python_harness,lb10/tmrace/lb,cha22-route-replay,,24,24,0,0,14974
python_harness,lb10/tmrace/lb,haideptry-master-hybrid-2965,,24,24,0,0,14841
python_harness,lb10/tmrace/lb,shiiin9-order-book,,24,24,0,0,14511
python_harness,lb10/tmrace/lb,sunil-idle-workers,,24,24,0,0,14841
python_harness,lb10/tmrace/lb,wzhengbiao-v15stack,,24,24,0,0,14770
python_harness,lb10/tmrace/lb,yannik2-replay-champion,,24,24,0,0,23150
python_harness,lb10/trim0/lb,ahmed-productive-wheat-v54,,24,24,0,0,13815
python_harness,lb10/trim0/lb,arlene-farmer-john-idle-seller,,24,24,0,0,14006
python_harness,lb10/trim0/lb,arlene-farmer-john-wheat-seller,,24,24,0,0,13814
python_harness,lb10/trim0/lb,arsgorynich-herd-safe-v3,,24,24,0,0,13564
python_harness,lb10/trim0/lb,cha22-route-replay,,24,24,0,0,11935
python_harness,lb10/trim0/lb,haideptry-master-hybrid-2965,,24,24,0,0,14006
python_harness,lb10/trim0/lb,shiiin9-order-book,,24,24,0,0,13096
python_harness,lb10/trim0/lb,sunil-idle-workers,,24,24,0,0,14006
python_harness,lb10/trim0/lb,wzhengbiao-v15stack,,24,24,0,0,13832
python_harness,lb10/trim0/lb,yannik2-replay-champion,,24,24,0,0,20076
python_harness,lb10/trim_crops/lb,ahmed-productive-wheat-v54,,48,48,0,0,12455
python_harness,lb10/trim_crops/lb,arlene-farmer-john-idle-seller,,19,19,0,0,13873
python_harness,lb10/v16_trim0/lb,ahmed-productive-wheat-v54,,12,10,2,0,5772
python_harness,lb10/v16_trim0/lb,arlene-farmer-john-idle-seller,,12,12,0,0,7354
python_harness,lb10/v16_trim0/lb,arlene-farmer-john-wheat-seller,,12,10,2,0,5772
python_harness,lb10/v16_trim0/lb,arsgorynich-herd-safe-v3,,12,10,2,0,6148
python_harness,lb10/v16_trim0/lb,cha22-route-replay,,12,12,0,0,8184
python_harness,lb10/v16_trim0/lb,haideptry-master-hybrid-2965,,12,12,0,0,7354
python_harness,lb10/v16_trim0/lb,shiiin9-order-book,,12,10,2,0,6276
python_harness,lb10/v16_trim0/lb,sunil-idle-workers,,12,12,0,0,7354
python_harness,lb10/v16_trim0/lb,wzhengbiao-v15stack,,12,10,2,0,6755
python_harness,lb10/v16_trim0/lb,yannik2-replay-champion,,12,12,0,0,14082
python_harness,lb10/v18_trim0/lb,ahmed-productive-wheat-v54,,12,12,0,0,15174
python_harness,lb10/v18_trim0/lb,arlene-farmer-john-idle-seller,,12,12,0,0,14028
python_harness,lb10/v18_trim0/lb,arlene-farmer-john-wheat-seller,,12,12,0,0,15174
python_harness,lb10/v18_trim0/lb,arsgorynich-herd-safe-v3,,12,12,0,0,15650
python_harness,lb10/v18_trim0/lb,cha22-route-replay,,12,12,0,0,15530
python_harness,lb10/v18_trim0/lb,haideptry-master-hybrid-2965,,12,12,0,0,14028
python_harness,lb10/v18_trim0/lb,shiiin9-order-book,,12,12,0,0,15656
python_harness,lb10/v18_trim0/lb,sunil-idle-workers,,12,12,0,0,14028
python_harness,lb10/v18_trim0/lb,wzhengbiao-v15stack,,12,12,0,0,15192
python_harness,lb10/v18_trim0/lb,yannik2-replay-champion,,12,12,0,0,22726
python_harness,lb10/x1/lb,ahmed-productive-wheat-v54,,24,24,0,0,13751
python_harness,lb10/x1/lb,arlene-farmer-john-idle-seller,,24,24,0,0,14071
python_harness,lb10/x1/lb,arlene-farmer-john-wheat-seller,,24,24,0,0,13751
python_harness,lb10/x1/lb,arsgorynich-herd-safe-v3,,24,24,0,0,14225
python_harness,lb10/x1/lb,cha22-route-replay,,24,24,0,0,12658
python_harness,lb10/x1/lb,haideptry-master-hybrid-2965,,24,24,0,0,14071
python_harness,lb10/x1/lb,shiiin9-order-book,,24,24,0,0,14333
python_harness,lb10/x1/lb,sunil-idle-workers,,24,24,0,0,14071
python_harness,lb10/x1/lb,wzhengbiao-v15stack,,24,24,0,0,14145
python_harness,lb10/x1/lb,yannik2-replay-champion,,24,24,0,0,22947
python_harness,lb10/x1_confirm/lb,ahmed-productive-wheat-v54,,24,22,2,0,16498
python_harness,lb10/x1_confirm/lb,arlene-farmer-john-idle-seller,,24,22,2,0,17678
python_harness,lb10/x1_confirm/lb,arlene-farmer-john-wheat-seller,,24,22,2,0,16498
python_harness,lb10/x1_confirm/lb,arsgorynich-herd-safe-v3,,24,24,0,0,18506
python_harness,lb10/x1_confirm/lb,cha22-route-replay,,24,24,0,0,17960
python_harness,lb10/x1_confirm/lb,haideptry-master-hybrid-2965,,24,22,2,0,17678
python_harness,lb10/x1_confirm/lb,shiiin9-order-book,,24,24,0,0,18683
python_harness,lb10/x1_confirm/lb,sunil-idle-workers,,24,22,2,0,17678
python_harness,lb10/x1_confirm/lb,wzhengbiao-v15stack,,24,22,2,0,16265
python_harness,lb10/x1_confirm/lb,yannik2-replay-champion,,24,24,0,0,23369
python_harness,lb10/x1_open_dsm/lb,ahmed-productive-wheat-v54,,24,24,0,0,13788
python_harness,lb10/x1_open_dsm/lb,arlene-farmer-john-idle-seller,,24,24,0,0,15185
python_harness,lb10/x1_open_dsm/lb,arlene-farmer-john-wheat-seller,,24,24,0,0,13788
python_harness,lb10/x1_open_dsm/lb,arsgorynich-herd-safe-v3,,24,24,0,0,13241
python_harness,lb10/x1_open_dsm/lb,cha22-route-replay,,24,24,0,0,16045
python_harness,lb10/x1_open_dsm/lb,haideptry-master-hybrid-2965,,24,24,0,0,15185
python_harness,lb10/x1_open_dsm/lb,shiiin9-order-book,,24,24,0,0,13243
python_harness,lb10/x1_open_dsm/lb,sunil-idle-workers,,24,24,0,0,15185
python_harness,lb10/x1_open_dsm/lb,wzhengbiao-v15stack,,8,8,0,0,19494
python_harness,lb10/x1_open_none/lb,ahmed-productive-wheat-v54,,24,24,0,0,10736
python_harness,lb10/x1_open_none/lb,arlene-farmer-john-idle-seller,,24,23,1,0,10977
python_harness,lb10/x1_open_none/lb,arlene-farmer-john-wheat-seller,,6,6,0,0,16945
python_harness,lb10/x1_trimall/lb,ahmed-productive-wheat-v54,,24,24,0,0,11944
python_harness,lb10/x1_trimall/lb,arlene-farmer-john-idle-seller,,24,20,4,0,-14916
python_harness,lb10/x1_trimall/lb,arlene-farmer-john-wheat-seller,,18,18,0,0,13238
python_harness,lb10/x1farm/lb,ahmed-productive-wheat-v54,,24,24,0,0,12744
python_harness,lb10/x1farm/lb,arlene-farmer-john-idle-seller,,24,24,0,0,12377
python_harness,lb10/x1farm/lb,arlene-farmer-john-wheat-seller,,24,24,0,0,12744
python_harness,lb10/x1farm/lb,arsgorynich-herd-safe-v3,,24,24,0,0,13650
python_harness,lb10/x1farm/lb,cha22-route-replay,,20,20,0,0,13819
python_harness,lb10/x4/lb,ahmed-productive-wheat-v54,,24,24,0,0,12664
python_harness,lb10/x4/lb,arlene-farmer-john-idle-seller,,24,24,0,0,12676
python_harness,lb10/x4/lb,arlene-farmer-john-wheat-seller,,24,24,0,0,12662
python_harness,lb10/x4/lb,arsgorynich-herd-safe-v3,,24,24,0,0,12295
python_harness,lb10/x4/lb,cha22-route-replay,,14,14,0,0,13566
python_harness,lb_dbg,arsgorynich-herd-safe-v3,,2,2,0,0,1615
python_harness,lb_default_check,arsgorynich-herd-safe-v3,,8,8,0,0,3379
python_harness,lb_det_a,arsgorynich-herd-safe-v3,,8,8,0,0,4989
python_harness,lb_det_b,arsgorynich-herd-safe-v3,,2,2,0,0,1615
python_harness,lb_dump,arsgorynich-herd-safe-v3,,2,2,0,0,1615
python_harness,lb_dump_cand,arsgorynich-herd-safe-v3,,4,4,0,0,13622
python_harness,lb_dump_cand,cha22-route-replay,,4,4,0,0,22046
python_harness,lb_smoke,ahmed-productive-wheat-v54,,2,0,2,0,-7413
python_harness,lb_smoke,arsgorynich-herd-safe-v3,,2,0,2,0,-6829
python_harness,lb_smoke,shiiin9-order-book,,2,0,2,0,-6829
python_harness,lb_style0_s800,ahmed-productive-wheat-v54,,64,44,20,0,4686
python_harness,lb_style0_s800,arsgorynich-herd-safe-v3,,64,48,16,0,3823
python_harness,lb_style0_s800,shiiin9-order-book,,64,50,14,0,4225
python_harness,lb_style_0,ahmed-productive-wheat-v54,,64,40,24,0,4669
python_harness,lb_style_0,arsgorynich-herd-safe-v3,,64,46,18,0,4542
python_harness,lb_style_0,shiiin9-order-book,,64,46,18,0,4735
python_harness,lb_style_1,ahmed-productive-wheat-v54,,64,28,36,0,-1236
python_harness,lb_style_1,arsgorynich-herd-safe-v3,,64,30,34,0,-803
python_harness,lb_style_1,shiiin9-order-book,,64,28,36,0,-1630
python_harness,lb_style_2,ahmed-productive-wheat-v54,,64,35,29,0,-154
python_harness,lb_style_2,arsgorynich-herd-safe-v3,,64,24,40,0,-102
python_harness,lb_style_2,shiiin9-order-book,,64,22,42,0,-402
python_harness,lb_style_3,ahmed-productive-wheat-v54,,64,33,31,0,479
python_harness,lb_style_3,arsgorynich-herd-safe-v3,,64,30,34,0,398
python_harness,lb_style_3,shiiin9-order-book,,64,31,33,0,178
python_harness,lb_style_5,ahmed-productive-wheat-v54,,64,30,34,0,-4802
python_harness,lb_style_5,arsgorynich-herd-safe-v3,,64,29,35,0,-5777
python_harness,lb_style_5,shiiin9-order-book,,64,30,34,0,-5726
python_harness,lb_style_7,ahmed-productive-wheat-v54,,64,37,27,0,2017
python_harness,lb_style_7,arsgorynich-herd-safe-v3,,64,38,26,0,1888
python_harness,lb_style_7,shiiin9-order-book,,64,36,28,0,1602
python_harness,lb_style_9,ahmed-productive-wheat-v54,,64,6,58,0,-9426
python_harness,lb_style_9,arsgorynich-herd-safe-v3,,64,6,58,0,-7827
python_harness,lb_style_9,shiiin9-order-book,,64,6,58,0,-8004
python_harness,lb_top3_ft_decem,ahmed-productive-wheat-v54,,64,40,24,0,3707
python_harness,lb_top3_ft_decem,arsgorynich-herd-safe-v3,,64,40,24,0,3428
python_harness,lb_top3_ft_decem,shiiin9-order-book,,64,40,24,0,3431
python_harness,lb_top3_ft_dsm,ahmed-productive-wheat-v54,,64,35,29,0,-2527
python_harness,lb_top3_ft_dsm,arsgorynich-herd-safe-v3,,64,35,29,0,308
python_harness,lb_top3_ft_dsm,shiiin9-order-book,,64,35,29,0,282
python_harness,lb_top3_ft_goose,ahmed-productive-wheat-v54,,64,28,36,0,-5204
python_harness,lb_top3_ft_goose,arsgorynich-herd-safe-v3,,64,30,34,0,-4336
python_harness,lb_top3_ft_goose,shiiin9-order-book,,64,30,34,0,-4372
python_harness,lb_top3_v9,ahmed-productive-wheat-v54,,64,30,34,0,1745
python_harness,lb_top3_v9,arsgorynich-herd-safe-v3,,64,32,32,0,975
python_harness,lb_top3_v9,shiiin9-order-book,,64,32,32,0,986
python_harness,lb_trace,arsgorynich-herd-safe-v3,,2,0,2,0,-12632
python_harness,lb_trace2,arsgorynich-herd-safe-v3,,2,2,0,0,37584
python_harness,lb_v11_fix1_s800,ahmed-productive-wheat-v54,,64,54,10,0,6828
python_harness,lb_v11_fix1_s800,arsgorynich-herd-safe-v3,,64,56,8,0,6709
python_harness,lb_v11_fix1_s800,shiiin9-order-book,,64,56,8,0,7132
python_harness,lb_v11_fix2_rest,arlene-farmer-john-idle-seller,,32,28,4,0,6639
python_harness,lb_v11_fix2_rest,arlene-farmer-john-wheat-seller,,32,26,6,0,8213
python_harness,lb_v11_fix2_rest,cha22-route-replay,,32,26,6,0,7213
python_harness,lb_v11_fix2_rest,haideptry-master-hybrid-2965,,32,28,4,0,6639
python_harness,lb_v11_fix2_rest,latest-yannik-suffix-5d-28s-v1,,32,26,6,0,13949
python_harness,lb_v11_fix2_rest,sunil-idle-workers,,32,28,4,0,6639
python_harness,lb_v11_fix2_rest,yannik2-replay-champion,,32,26,6,0,12750
python_harness,lb_v11_fix2_s700,ahmed-productive-wheat-v54,,64,44,20,0,5879
python_harness,lb_v11_fix2_s700,arsgorynich-herd-safe-v3,,64,52,12,0,5836
python_harness,lb_v11_fix2_s700,shiiin9-order-book,,64,52,12,0,5830
python_harness,lb_v11_fix2_s800,ahmed-productive-wheat-v54,,64,54,10,0,6990
python_harness,lb_v11_fix2_s800,arsgorynich-herd-safe-v3,,64,56,8,0,6884
python_harness,lb_v11_fix2_s800,shiiin9-order-book,,64,56,8,0,7210
python_harness,lb_v9_s800,ahmed-productive-wheat-v54,,64,31,33,0,2934
python_harness,lb_v9_s800,arsgorynich-herd-safe-v3,,64,37,27,0,2808
python_harness,lb_v9_s800,shiiin9-order-book,,64,37,27,0,2843
python_harness,lb_zrs/main10,ahmed-productive-wheat-v54,,14,14,0,0,18211
python_harness,lb_zrs/main10,arsgorynich-herd-safe-v3,,14,14,0,0,16944
python_harness,lb_zrs/main10,cha22-route-replay,,8,8,0,0,27383
python_harness,lbrunner/ahmed,ahmed-productive-wheat-v54,,10,8,2,0,6073
python_harness,lbseeds/base,ahmed-productive-wheat-v54,,40,28,12,0,6684
python_harness,lbseeds/base,arlene-farmer-john-idle-seller,,40,35,5,0,10980
python_harness,lbseeds/base,arlene-farmer-john-wheat-seller,,40,36,4,0,10868
python_harness,lbseeds/base,arsgorynich-herd-safe-v3,,40,36,4,0,7492
python_harness,lbseeds/base,cha22-route-replay,,40,30,10,0,8360
python_harness,lbseeds/base,haideptry-master-hybrid-2965,,40,28,12,0,12776
python_harness,lbseeds/base,shiiin9-order-book,,40,38,2,0,10694
python_harness,lbseeds/base,sunil-idle-workers,,40,30,10,0,5525
python_harness,lbseeds/base,wzhengbiao-v15stack,,40,34,6,0,6903
python_harness,lbseeds/base,yannik2-replay-champion,,40,38,2,0,17027
python_harness,lbseeds/herd,ahmed-productive-wheat-v54,,40,40,0,0,14248
python_harness,lbseeds/herd,arlene-farmer-john-idle-seller,,40,40,0,0,12187
python_harness,lbseeds/herd,arlene-farmer-john-wheat-seller,,40,40,0,0,14697
python_harness,lbseeds/herd,arsgorynich-herd-safe-v3,,40,40,0,0,12025
python_harness,lbseeds/herd,cha22-route-replay,,40,40,0,0,11628
python_harness,lbseeds/herd,haideptry-master-hybrid-2965,,40,40,0,0,17076
python_harness,lbseeds/herd,shiiin9-order-book,,40,38,2,0,14017
python_harness,lbseeds/herd,sunil-idle-workers,,40,40,0,0,14822
python_harness,lbseeds/herd,wzhengbiao-v15stack,,40,40,0,0,12999
python_harness,lbseeds/herd,yannik2-replay-champion,,40,40,0,0,21342
python_harness,lbseeds/robust,ahmed-productive-wheat-v54,,40,40,0,0,13614
python_harness,lbseeds/robust,arlene-farmer-john-idle-seller,,40,40,0,0,15538
python_harness,lbseeds/robust,arlene-farmer-john-wheat-seller,,40,39,1,0,10580
python_harness,lbseeds/robust,arsgorynich-herd-safe-v3,,40,40,0,0,15033
python_harness,lbseeds/robust,cha22-route-replay,,40,39,1,0,15026
python_harness,lbseeds/robust,haideptry-master-hybrid-2965,,40,40,0,0,13282
python_harness,lbseeds/robust,shiiin9-order-book,,40,40,0,0,15130
python_harness,lbseeds/robust,sunil-idle-workers,,40,40,0,0,10602
python_harness,lbseeds/robust,wzhengbiao-v15stack,,40,40,0,0,12716
python_harness,lbseeds/robust,yannik2-replay-champion,,40,40,0,0,26439
python_harness,lbseeds2/recovery,ahmed-productive-wheat-v54,,40,40,0,0,14248
python_harness,lbseeds2/recovery,arlene-farmer-john-idle-seller,,40,40,0,0,12187
python_harness,lbseeds2/recovery,arlene-farmer-john-wheat-seller,,40,40,0,0,14697
python_harness,lbseeds2/recovery,arsgorynich-herd-safe-v3,,40,40,0,0,12025
python_harness,lbseeds2/recovery,cha22-route-replay,,40,40,0,0,11628
python_harness,lbseeds2/recovery,pavel-bc-opus-v12-herd,,40,7,7,26,0
python_harness,lbseeds2/recovery,pavel-bc-opus-v12-vadim,,40,29,11,0,2977
python_harness,lbseeds2/recovery,shiiin9-order-book,,40,40,0,0,15369
python_harness,lbseeds2/recovery,ttyn-kaggriculture-master-engine-v3,,40,40,0,0,12453
python_harness,lbseeds2/recovery,wzhengbiao-v15stack,,40,40,0,0,17438
python_harness,lbseeds2/robust,ahmed-productive-wheat-v54,,40,40,0,0,13614
python_harness,lbseeds2/robust,arlene-farmer-john-idle-seller,,40,40,0,0,15538
python_harness,lbseeds2/robust,arlene-farmer-john-wheat-seller,,40,39,1,0,10580
python_harness,lbseeds2/robust,arsgorynich-herd-safe-v3,,40,40,0,0,15033
python_harness,lbseeds2/robust,cha22-route-replay,,40,39,1,0,15026
python_harness,lbseeds2/robust,pavel-bc-opus-v12-herd,,40,19,21,0,-823
python_harness,lbseeds2/robust,pavel-bc-opus-v12-vadim,,40,30,10,0,5021
python_harness,lbseeds2/robust,shiiin9-order-book,,40,40,0,0,10060
python_harness,lbseeds2/robust,ttyn-kaggriculture-master-engine-v3,,40,40,0,0,13437
python_harness,lbseeds2/robust,wzhengbiao-v15stack,,40,40,0,0,14311
python_harness,lbseeds3/so2,ahmed-productive-wheat-v54,,40,40,0,0,14385
python_harness,lbseeds3/so2,arlene-farmer-john-wheat-seller,,40,40,0,0,11586
python_harness,lbseeds3/so2,arsgorynich-herd-safe-v3,,40,40,0,0,15064
python_harness,lbseeds3/so2,cha22-route-replay,,40,40,0,0,12148
python_harness,lbseeds3/so2,pavel-bc-opus-v12-herd,,40,40,0,0,10882
python_harness,lbseeds3/so2,pavel-bc-opus-v12-robust,,40,39,1,0,10331
python_harness,lbseeds3/so2,pavel-bc-opus-v12-vadim,,40,40,0,0,10615
python_harness,lbseeds3/so2,shiiin9-order-book,,40,40,0,0,15543
python_harness,lbseeds3/so2,ttyn-kaggriculture-master-engine-v3,,40,40,0,0,12527
python_harness,lbseeds3/so2,wzhengbiao-v15stack,,40,40,0,0,17499
python_harness,lbseeds3/so2rw,ahmed-productive-wheat-v54,,40,40,0,0,15726
python_harness,lbseeds3/so2rw,arlene-farmer-john-wheat-seller,,40,40,0,0,12529
python_harness,lbseeds3/so2rw,arsgorynich-herd-safe-v3,,40,40,0,0,15371
python_harness,lbseeds3/so2rw,cha22-route-replay,,40,40,0,0,13350
python_harness,lbseeds3/so2rw,pavel-bc-opus-v12-herd,,40,40,0,0,10642
python_harness,lbseeds3/so2rw,pavel-bc-opus-v12-robust,,40,39,1,0,11531
python_harness,lbseeds3/so2rw,pavel-bc-opus-v12-vadim,,40,40,0,0,10864
python_harness,lbseeds3/so2rw,shiiin9-order-book,,40,40,0,0,17049
python_harness,lbseeds3/so2rw,ttyn-kaggriculture-master-engine-v3,,40,40,0,0,14076
python_harness,lbseeds3/so2rw,wzhengbiao-v15stack,,40,40,0,0,18449
python_harness,lbseeds4/dsm6,ahmed-productive-wheat-v54,,40,40,0,0,13664
python_harness,lbseeds4/dsm6,arsgorynich-herd-safe-v3,,40,40,0,0,16350
python_harness,lbseeds4/dsm6,cha22-route-replay,,40,40,0,0,18296
python_harness,lbseeds4/dsm6,pavel-bc-opus-v12-herd,,40,38,2,0,9606
python_harness,lbseeds4/dsm6,pavel-bc-opus-v12-robust,,40,40,0,0,12031
python_harness,lbseeds4/dsm6,pavel-bc-opus-v12-slots,,40,24,16,0,1114
python_harness,lbseeds4/dsm6,pavel-bc-opus-v12-vadim,,40,40,0,0,14943
python_harness,lbseeds4/dsm6,shiiin9-order-book,,40,40,0,0,16448
python_harness,lbseeds4/dsm6,ttyn-kaggriculture-master-engine-v3,,40,40,0,0,16508
python_harness,lbseeds4/dsm6,wzhengbiao-v15stack,,40,40,0,0,16696
python_harness,lbseeds4/so2rw,ahmed-productive-wheat-v54,,40,40,0,0,15726
python_harness,lbseeds4/so2rw,arsgorynich-herd-safe-v3,,40,40,0,0,11977
python_harness,lbseeds4/so2rw,cha22-route-replay,,40,40,0,0,15508
python_harness,lbseeds4/so2rw,pavel-bc-opus-v12-herd,,40,40,0,0,10018
python_harness,lbseeds4/so2rw,pavel-bc-opus-v12-robust,,40,38,2,0,11139
python_harness,lbseeds4/so2rw,pavel-bc-opus-v12-slots,,40,28,10,2,889
python_harness,lbseeds4/so2rw,pavel-bc-opus-v12-vadim,,40,40,0,0,10864
python_harness,lbseeds4/so2rw,shiiin9-order-book,,40,40,0,0,17049
python_harness,lbseeds4/so2rw,ttyn-kaggriculture-master-engine-v3,,40,40,0,0,14076
python_harness,lbseeds4/so2rw,wzhengbiao-v15stack,,40,40,0,0,18449
python_harness,lbseeds5/dsm6,pavel-bc-opus-v12-wages,,40,17,23,0,-890
python_harness,lbseeds5/fin_D,ahmed-productive-wheat-v54,,40,40,0,0,15406
python_harness,lbseeds5/fin_D,arsgorynich-herd-safe-v3,,40,40,0,0,14744
python_harness,lbseeds5/fin_D,pavel-bc-opus-v12-herd,,28,28,0,0,10434
python_harness,lbseeds5/fin_D,pavel-bc-opus-v12-wages,,40,18,22,0,-676
python_harness,lbseeds5/fin_I,ahmed-productive-wheat-v54,,36,36,0,0,15748
python_harness,panel/cand_fast/extra,extra:candidate_frontier_moon_v189c,,16,16,0,0,28764
python_harness,panel/cand_fast/extra,extra:candidate_frontier_soil_v202a,,16,16,0,0,49986
python_harness,panel/cand_fast/extra,extra:candidate_kaito_v54_exact,,16,16,0,0,24330
python_harness,panel/cand_fast/extra,extra:candidate_moon_sheep4,,16,16,0,0,28764
python_harness,panel/cand_fast/extra,extra:rule_forge_v1,,16,16,0,0,78648
python_harness,panel/cand_fast/extra,extra:team_ppo_v6n_it040,,16,14,2,0,11358
python_harness,panel/cand_fast/extra,extra:team_rl_v6_02_it1520,,16,16,0,0,16145
python_harness,panel/cand_fast/lb,ahmed-productive-wheat-v54,,64,54,10,0,7753
python_harness,panel/cand_fast/lb,arlene-farmer-john-idle-seller,,64,58,6,0,9363
python_harness,panel/cand_fast/lb,arsgorynich-herd-safe-v3,,64,54,10,0,7667
python_harness,panel/cand_fast/lb,cha22-route-replay,,64,61,3,0,9689
python_harness,panel/cand_fast/lb,latest-yannik-suffix-5d-28s-v1,,64,56,8,0,9383
python_harness,panel/cand_fast/lb,yannik2-replay-champion,,64,64,0,0,17451
python_harness,panel/cmp_base_check/lb,arsgorynich-herd-safe-v3,,6,6,0,0,12469
python_harness,panel/cmp_base_check/lb,cha22-route-replay,,6,4,2,0,3817
python_harness,panel/cmp_ff/lb,ahmed-productive-wheat-v54,,64,60,4,0,8413
python_harness,panel/cmp_ff/lb,arlene-farmer-john-idle-seller,,64,60,4,0,8867
python_harness,panel/cmp_ff/lb,arsgorynich-herd-safe-v3,,64,60,4,0,8243
python_harness,panel/cmp_ff/lb,cha22-route-replay,,64,55,9,0,8806
python_harness,panel/cmp_ff/lb,latest-yannik-suffix-5d-28s-v1,,64,57,7,0,10679
python_harness,panel/cmp_ff/lb,yannik2-replay-champion,,64,64,0,0,19317
python_harness,panel/cmp_ff/lb_new,wzhengbiao-v15stack,,64,60,4,0,7772
python_harness,panel/cmp_ff_mt2/lb,ahmed-productive-wheat-v54,,64,58,6,0,8938
python_harness,panel/cmp_ff_mt2/lb,arlene-farmer-john-idle-seller,,64,58,6,0,8984
python_harness,panel/cmp_ff_mt2/lb,arsgorynich-herd-safe-v3,,64,58,6,0,8675
python_harness,panel/cmp_ff_mt2/lb,cha22-route-replay,,64,53,11,0,8449
python_harness,panel/cmp_ff_mt2/lb,latest-yannik-suffix-5d-28s-v1,,26,22,4,0,10959
python_harness,panel/cmp_ff_mt2/lb,yannik2-replay-champion,,64,64,0,0,16876
python_harness,panel/cmp_land_first/lb,arsgorynich-herd-safe-v3,,48,44,4,0,7668
python_harness,panel/cmp_new/lb,ahmed-productive-wheat-v54,,64,56,8,0,7069
python_harness,panel/cmp_new/lb,arlene-farmer-john-idle-seller,,64,58,6,0,7018
python_harness,panel/cmp_new/lb,arsgorynich-herd-safe-v3,,64,56,8,0,6458
python_harness,panel/cmp_new/lb,cha22-route-replay,,64,61,3,0,9791
python_harness,panel/cmp_new/lb,latest-yannik-suffix-5d-28s-v1,,64,58,6,0,11818
python_harness,panel/cmp_new/lb,yannik2-replay-champion,,64,64,0,0,15686
python_harness,panel/cmp_trim_model/lb,ahmed-productive-wheat-v54,,64,57,7,0,7983
python_harness,panel/cmp_trim_model/lb,arlene-farmer-john-idle-seller,,64,57,7,0,7506
python_harness,panel/cmp_trim_model/lb,arsgorynich-herd-safe-v3,,64,57,7,0,7837
python_harness,panel/cmp_trim_model/lb,cha22-route-replay,,53,44,9,0,8201
python_harness,panel/fresh_base/lb,ahmed-productive-wheat-v54,,64,56,8,0,8330
python_harness,panel/fresh_base/lb,arlene-farmer-john-idle-seller,,64,58,6,0,8711
python_harness,panel/fresh_base/lb,arsgorynich-herd-safe-v3,,64,56,8,0,7985
python_harness,panel/fresh_base/lb,cha22-route-replay,,64,56,8,0,8646
python_harness,panel/fresh_base/lb,latest-yannik-suffix-5d-28s-v1,,64,58,6,0,12518
python_harness,panel/fresh_base/lb,yannik2-replay-champion,,64,60,4,0,15848
python_harness,panel/fresh_land/lb,ahmed-productive-wheat-v54,,64,56,8,0,8330
python_harness,panel/fresh_land/lb,arlene-farmer-john-idle-seller,,64,58,6,0,8711
python_harness,panel/fresh_land/lb,arsgorynich-herd-safe-v3,,64,56,8,0,7985
python_harness,panel/fresh_land/lb,cha22-route-replay,,64,56,8,0,8646
python_harness,panel/fresh_land/lb,yannik2-replay-champion,,14,12,2,0,19746
python_harness,panel/fresh_trim/lb,ahmed-productive-wheat-v54,,64,56,8,0,7027
python_harness,panel/fresh_trim/lb,arlene-farmer-john-idle-seller,,64,54,10,0,7313
python_harness,panel/fresh_trim/lb,arsgorynich-herd-safe-v3,,64,57,7,0,7086
python_harness,panel/fresh_trim/lb,cha22-route-replay,,64,55,9,0,8343
python_harness,panel/fresh_trim/lb,yannik2-replay-champion,,16,14,2,0,15044
python_harness,panel/pkg_check/lb,ahmed-productive-wheat-v54,,4,4,0,0,8452
python_harness,panel/pkg_check/lb,arsgorynich-herd-safe-v3,,4,4,0,0,8863
python_harness,panel/pkg_check2/lb,ahmed-productive-wheat-v54,,4,4,0,0,12268
python_harness,panel/pkg_check2/lb,arsgorynich-herd-safe-v3,,4,4,0,0,10730
python_harness,panel/pkg_check2/lb,cha22-route-replay,,4,4,0,0,10696
python_harness,panel/pkg_check2/lb,latest-yannik-suffix-5d-28s-v1,,4,4,0,0,24456
python_harness,panel/pkg_check3/lb,arsgorynich-herd-safe-v3,,4,4,0,0,25684
python_harness,panel/pkg_check3/lb,cha22-route-replay,,4,4,0,0,26106
python_harness,panel/pkg_check4/lb,arsgorynich-herd-safe-v3,,4,4,0,0,17678
python_harness,panel/pkg_check4/lb,cha22-route-replay,,4,4,0,0,16918
python_harness,panel/so2_gates/extra,extra:candidate_frontier_moon_v189c,,16,16,0,0,35647
python_harness,panel/so2_gates/extra,extra:candidate_frontier_soil_v202a,,16,16,0,0,43687
python_harness,panel/so2_gates/extra,extra:candidate_kaito_v54_exact,,16,16,0,0,30678
python_harness,panel/so2_gates/extra,extra:candidate_moon_sheep4,,16,16,0,0,35647
python_harness,panel/so2_gates/extra,extra:rule_forge_v1,,16,16,0,0,91556
python_harness,panel/so2_gates/extra,extra:team_ppo_v6n_it040,,16,15,1,0,9247
python_harness,panel/so2_gates/extra,extra:team_rl_v6_02_it1520,,16,16,0,0,12296
python_harness,panel/trim0_gates/extra,extra:candidate_frontier_moon_v189c,,16,16,0,0,34442
python_harness,panel/trim0_gates/extra,extra:candidate_frontier_soil_v202a,,16,16,0,0,42880
python_harness,panel/trim0_gates/extra,extra:candidate_kaito_v54_exact,,16,16,0,0,40132
python_harness,panel/trim0_gates/extra,extra:candidate_moon_sheep4,,16,16,0,0,35042
python_harness,panel/trim0_gates/extra,extra:rule_forge_v1,,16,16,0,0,85473
python_harness,panel/trim0_gates/extra,extra:team_ppo_v6n_it040,,16,15,1,0,16157
python_harness,panel/trim0_gates/extra,extra:team_rl_v6_02_it1520,,16,16,0,0,15383
python_harness,panel/v11/extra,extra:candidate_frontier_moon_v189c,,16,16,0,0,22881
python_harness,panel/v11/extra,extra:candidate_frontier_soil_v202a,,16,16,0,0,28274
python_harness,panel/v11/extra,extra:candidate_kaito_v54_exact,,16,16,0,0,20500
python_harness,panel/v11/extra,extra:candidate_moon_sheep4,,16,16,0,0,22881
python_harness,panel/v11/extra,extra:rule_forge_v1,,16,16,0,0,80022
python_harness,panel/v11/extra,extra:team_ppo_v6n_it040,,16,13,3,0,10174
python_harness,panel/v11/extra,extra:team_rl_v6_02_it1520,,16,14,2,0,8413
python_harness,panel/v11/lb,ahmed-productive-wheat-v54,,64,44,20,0,5879
python_harness,panel/v11/lb,arlene-farmer-john-idle-seller,,64,54,10,0,5885
python_harness,panel/v11/lb,arsgorynich-herd-safe-v3,,64,52,12,0,5836
python_harness,panel/v11/lb,cha22-route-replay,,64,50,14,0,6545
python_harness,panel/v11/lb,latest-yannik-suffix-5d-28s-v1,,64,51,13,0,10069
python_harness,panel/v11/lb,yannik2-replay-champion,,64,52,12,0,11486
python_harness,panel/v12_aug/extra,extra:candidate_frontier_moon_v189c,,16,16,0,0,33880
python_harness,panel/v12_aug/extra,extra:candidate_frontier_soil_v202a,,16,16,0,0,36782
python_harness,panel/v12_aug/extra,extra:candidate_kaito_v54_exact,,16,16,0,0,29642
python_harness,panel/v12_aug/extra,extra:candidate_moon_sheep4,,16,16,0,0,33880
python_harness,panel/v12_aug/extra,extra:rule_forge_v1,,16,16,0,0,72753
python_harness,panel/v12_aug/extra,extra:team_ppo_v6n_it040,,16,16,0,0,12777
python_harness,panel/v12_aug/extra,extra:team_rl_v6_02_it1520,,16,16,0,0,9420
python_harness,panel/v12_aug/lb,ahmed-productive-wheat-v54,,64,58,6,0,7284
python_harness,panel/v12_aug/lb,arlene-farmer-john-idle-seller,,64,55,9,0,7271
python_harness,panel/v12_aug/lb,arsgorynich-herd-safe-v3,,64,58,6,0,7224
python_harness,panel/v12_aug/lb,cha22-route-replay,,64,60,4,0,8168
python_harness,panel/v12_aug/lb,latest-yannik-suffix-5d-28s-v1,,64,59,5,0,8933
python_harness,panel/v12_aug/lb,yannik2-replay-champion,,64,64,0,0,15471
python_harness,panel/v12_cond/extra,extra:candidate_frontier_moon_v189c,,16,16,0,0,26155
python_harness,panel/v12_cond/extra,extra:candidate_frontier_soil_v202a,,16,16,0,0,42786
python_harness,panel/v12_cond/extra,extra:candidate_kaito_v54_exact,,16,16,0,0,22885
python_harness,panel/v12_cond/extra,extra:candidate_moon_sheep4,,16,16,0,0,26155
python_harness,panel/v12_cond/extra,extra:rule_forge_v1,,16,16,0,0,76507
python_harness,panel/v12_cond/extra,extra:team_ppo_v6n_it040,,16,12,4,0,4429
python_harness,panel/v12_cond/extra,extra:team_rl_v6_02_it1520,,16,16,0,0,14035
python_harness,panel/v12_cond/lb,ahmed-productive-wheat-v54,,64,54,10,0,8913
python_harness,panel/v12_cond/lb,arlene-farmer-john-idle-seller,,64,58,6,0,9047
python_harness,panel/v12_cond/lb,arsgorynich-herd-safe-v3,,64,54,10,0,8905
python_harness,panel/v12_cond/lb,cha22-route-replay,,64,54,10,0,7811
python_harness,panel/v12_cond/lb,latest-yannik-suffix-5d-28s-v1,,64,56,8,0,9493
python_harness,panel/v12_cond/lb,yannik2-replay-champion,,64,62,2,0,16059
python_harness,panel/v12_open6_dsm/extra,extra:candidate_frontier_moon_v189c,,16,16,0,0,29362
python_harness,panel/v12_open6_dsm/extra,extra:candidate_frontier_soil_v202a,,16,16,0,0,44862
python_harness,panel/v12_open6_dsm/extra,extra:candidate_kaito_v54_exact,,16,16,0,0,31292
python_harness,panel/v12_open6_dsm/extra,extra:candidate_moon_sheep4,,16,16,0,0,30406
python_harness,panel/v12_open6_dsm/extra,extra:rule_forge_v1,,16,16,0,0,76347
python_harness,panel/v12_open6_dsm/extra,extra:team_ppo_v6n_it040,,16,12,4,0,5956
python_harness,panel/v12_open6_dsm/extra,extra:team_rl_v6_02_it1520,,14,12,2,0,15918
python_harness,panel/v12_open6_dsm/lb,ahmed-productive-wheat-v54,,64,60,4,0,10227
python_harness,panel/v12_open6_dsm/lb,arlene-farmer-john-idle-seller,,64,58,6,0,5142
python_harness,panel/v12_open6_dsm/lb,arsgorynich-herd-safe-v3,,64,62,2,0,11309
python_harness,panel/v12_open6_dsm/lb,cha22-route-replay,,64,56,8,0,5496
python_harness,panel/v12_open6_dsm/lb,latest-yannik-suffix-5d-28s-v1,,64,60,4,0,11813
python_harness,panel/v12_open6_dsm/lb,yannik2-replay-champion,,64,60,4,0,16618
python_harness,panel/v12_open6_vadim/extra,extra:candidate_frontier_moon_v189c,,16,16,0,0,31465
python_harness,panel/v12_open6_vadim/extra,extra:candidate_frontier_soil_v202a,,16,16,0,0,46720
python_harness,panel/v12_open6_vadim/extra,extra:candidate_kaito_v54_exact,,16,16,0,0,25789
python_harness,panel/v12_open6_vadim/extra,extra:candidate_moon_sheep4,,16,16,0,0,31465
python_harness,panel/v12_open6_vadim/extra,extra:rule_forge_v1,,16,16,0,0,82621
python_harness,panel/v12_open6_vadim/extra,extra:team_ppo_v6n_it040,,16,13,3,0,10034
python_harness,panel/v12_open6_vadim/extra,extra:team_rl_v6_02_it1520,,16,16,0,0,15273
python_harness,panel/v12_open6_vadim/lb,ahmed-productive-wheat-v54,,64,62,2,0,9745
python_harness,panel/v12_open6_vadim/lb,arlene-farmer-john-idle-seller,,64,58,6,0,9152
python_harness,panel/v12_open6_vadim/lb,arsgorynich-herd-safe-v3,,64,62,2,0,9820
python_harness,panel/v12_open6_vadim/lb,cha22-route-replay,,64,56,8,0,8449
python_harness,panel/v12_open6_vadim/lb,latest-yannik-suffix-5d-28s-v1,,64,58,6,0,11550
python_harness,panel/v12_open6_vadim/lb,yannik2-replay-champion,,64,64,0,0,16522
python_harness,panel/v12_open6_vadim/lb_new,wzhengbiao-v15stack,,64,62,2,0,9371
python_harness,panel/v14_open6_vadim/extra,extra:candidate_frontier_moon_v189c,,16,16,0,0,28448
python_harness,panel/v14_open6_vadim/extra,extra:candidate_frontier_soil_v202a,,16,16,0,0,45130
python_harness,panel/v14_open6_vadim/extra,extra:candidate_kaito_v54_exact,,16,16,0,0,24517
python_harness,panel/v14_open6_vadim/extra,extra:candidate_moon_sheep4,,16,16,0,0,28448
python_harness,panel/v14_open6_vadim/extra,extra:rule_forge_v1,,16,16,0,0,75146
python_harness,panel/v14_open6_vadim/lb,ahmed-productive-wheat-v54,,64,56,8,0,9342
python_harness,panel/v14_open6_vadim/lb,arlene-farmer-john-idle-seller,,64,56,8,0,8731
python_harness,panel/v14_open6_vadim/lb,arsgorynich-herd-safe-v3,,64,56,8,0,10016
python_harness,panel/v14_open6_vadim/lb,cha22-route-replay,,64,52,12,0,7971
python_harness,panel/v14_open6_vadim/lb,latest-yannik-suffix-5d-28s-v1,,64,58,6,0,12271
python_harness,panel/v14_open6_vadim/lb,yannik2-replay-champion,,64,60,4,0,17798
python_harness,panel/x1_gates/extra,extra:candidate_frontier_moon_v189c,,16,16,0,0,35558
python_harness,panel/x1_gates/extra,extra:candidate_frontier_soil_v202a,,16,16,0,0,43252
python_harness,panel/x1_gates/extra,extra:candidate_kaito_v54_exact,,16,16,0,0,30669
python_harness,panel/x1_gates/extra,extra:candidate_moon_sheep4,,16,16,0,0,35558
python_harness,panel/x1_gates/extra,extra:rule_forge_v1,,16,16,0,0,90999
python_harness,panel/x1_gates/extra,extra:team_ppo_v6n_it040,,16,15,1,0,9234
python_harness,panel/x1_gates/extra,extra:team_rl_v6_02_it1520,,16,16,0,0,11950
python_harness,pkg_anticipate,pavel-bc-opus-v12-wages,,6,4,2,0,2760
python_harness,pkg_forecast,pavel-bc-opus-v12-wages,,6,4,2,0,-1215
python_harness,pkg_routes,pavel-bc-opus-v12-slots,,6,6,0,0,2088
python_harness,pkg_slots,pavel-bc-opus-v12-herd,,6,6,0,0,12630
python_harness,pkg_wages,pavel-bc-opus-v12-slots,,6,3,1,2,188
python_harness,ppo_panel,ppo-v6n-it60,,80,76,4,0,13257
python_harness,ppo_panel_rw,ppo-v6n-it60,,80,79,1,0,13919
python_harness,ppo_probe,ppo-v6n-it60,,4,2,2,0,16504
python_harness,roster10/fin_I,ahmed-productive-wheat-v54,,14,14,0,0,15567
python_harness,roster10/fin_I,arsgorynich-herd-safe-v3,,14,14,0,0,13939
python_harness,roster10/fin_I,cha22-route-replay,,14,14,0,0,20363
python_harness,roster10/fin_I,pavel-bc-opus-v12-herd,,14,14,0,0,14622
python_harness,roster10/fin_I,pavel-bc-opus-v12-robust,,14,14,0,0,14597
python_harness,roster10/fin_I,pavel-bc-opus-v12-slots,,14,11,3,0,3217
python_harness,roster10/fin_I,pavel-bc-opus-v12-vadim,,14,14,0,0,13251
python_harness,roster10/fin_I,shiiin9-order-book,,14,14,0,0,15170
python_harness,roster10/fin_I,ttyn-kaggriculture-master-engine-v3,,14,14,0,0,14939
python_harness,roster10/fin_I,wzhengbiao-v15stack,,14,14,0,0,12546
python_harness,roster_all/fin_I,ahmed-productive-wheat-v54,,14,14,0,0,15567
python_harness,roster_all/fin_I,arlene-farmer-john-idle-seller,,14,14,0,0,14715
python_harness,roster_all/fin_I,arlene-farmer-john-wheat-seller,,14,14,0,0,20484
python_harness,roster_all/fin_I,arsgorynich-herd-safe-v3,,14,14,0,0,12102
python_harness,roster_all/fin_I,baseline-random,,14,14,0,0,207876
python_harness,roster_all/fin_I,bc_export,,14,14,0,0,187775
python_harness,roster_all/fin_I,bc_top10_export,,14,14,0,0,210357
python_harness,roster_all/fin_I,bohann-flush-v1,,14,14,0,0,20935
python_harness,roster_all/fin_I,cha22-route-replay,,14,14,0,0,16078
python_harness,roster_all/fin_I,dairy-rush,,14,14,0,0,161757
python_harness,roster_all/fin_I,dmitriigluzdov-7turn-rescue-2800,,14,14,0,0,31251
python_harness,roster_all/fin_I,haideptry-master-hybrid-2965,,14,14,0,0,15364
python_harness,roster_all/fin_I,latest-yannik-replay-champion,,14,14,0,0,17557
python_harness,roster_all/fin_I,latest-yannik-suffix-5d-28s-v1,,14,14,0,0,16786
python_harness,roster_all/fin_I,live-11c,,14,14,0,0,164792
python_harness,roster_all/fin_I,pavel-animal-adaptive-r1-c0-b0,,14,14,0,0,21424
python_harness,roster_all/fin_I,pavel-bc-opus-v12-herd,,14,14,0,0,30699
python_harness,roster_all/fin_I,pavel-bc-opus-v12-robust,,14,14,0,0,15293
python_harness,roster_all/fin_I,pavel-bc-opus-v12-slots,,14,12,2,0,3480
python_harness,roster_all/fin_I,pavel-bc-opus-v12-vadim,,14,14,0,0,14780
python_harness,roster_all/fin_I,pavel-bc-opus-v12-wages,,14,13,1,0,3406
python_harness,roster_all/fin_I,pavel-bohann-opening-v1,,14,14,0,0,36662
python_harness,roster_all/fin_I,pavel-crop-mix-t2-wheat,,14,14,0,0,30364
python_harness,roster_all/fin_I,pavel-crop-rotation-t2-berry,,14,14,0,0,26479
python_harness,roster_all/fin_I,pavel-crop-value-m2-t4,,14,14,0,0,31130
python_harness,roster_all/fin_I,pavel-empty-sale-slots-m2,,14,14,0,0,23063
python_harness,roster_all/fin_I,pavel-finance7,,14,14,0,0,32758
python_harness,roster_all/fin_I,pavel-investment-context-guarded-best,,14,14,0,0,23357
python_harness,roster_all/fin_I,pavel-knn-animal-rules-v1,,14,14,0,0,22844
python_harness,roster_all/fin_I,pavel-knn-animal-rules-v2,,14,14,0,0,20264
python_harness,roster_all/fin_I,pavel-knn-animal-rules-v3,,14,14,0,0,16470
python_harness,roster_all/fin_I,pavel-late-value-s32-t0-r05,,14,14,0,0,35676
python_harness,roster_all/fin_I,pavel-observed-sale-lead-216,,14,14,0,0,27592
python_harness,roster_all/fin_I,pavel-opening-q32-b13-v1,,14,14,0,0,32791
python_harness,roster_all/fin_I,pavel-rival-wool-context-v3,,14,14,0,0,34763
python_harness,roster_all/fin_I,pavel-shop-herd-guarded-001-best,,14,14,0,0,25208
python_harness,roster_all/fin_I,pavel-shop-herd-s6-m3-g1,,14,14,0,0,22494
python_harness,roster_all/fin_I,pavel-sixday-0,,14,14,0,0,31346
python_harness,roster_all/fin_I,pavel-sixday-1,,14,14,0,0,37881
python_harness,roster_all/fin_I,pavel-sixday-2,,14,14,0,0,46765
python_harness,roster_all/fin_I,pavel-teammate-shoprouter,,14,14,0,0,33331
python_harness,roster_all/fin_I,pavel-tokenjunkie,,14,14,0,0,89229
python_harness,roster_all/fin_I,pavel-wool-family-context-v2,,14,14,0,0,29054
python_harness,roster_all/fin_I,ppo-v6n-it40,,14,14,0,0,16356
python_harness,roster_all/fin_I,ppo-v6n-it45,,14,14,0,0,6936
python_harness,roster_all/fin_I,ppo-v6n-it60,,14,13,1,0,15101
python_harness,roster_all/fin_I,replay-champion,,14,14,0,0,21039
python_harness,roster_all/fin_I,saitejabandaruin-mega-ensemble-3000,,14,14,0,0,106255
python_harness,roster_all/fin_I,salemali7-kaggriculture-2900,,14,14,0,0,52339
python_harness,roster_all/fin_I,shiiin9-order-book,,14,14,0,0,17257
python_harness,roster_all/fin_I,shoprouter-rl-eco,,14,14,0,0,35670
python_harness,roster_all/fin_I,sunil-idle-workers,,14,14,0,0,16180
python_harness,roster_all/fin_I,ttyn-agent,,14,14,0,0,21926
python_harness,roster_all/fin_I,ttyn-agent-v3,,14,14,0,0,21267
python_harness,roster_all/fin_I,ttyn-agent-v3-11,,14,14,0,0,24743
python_harness,roster_all/fin_I,ttyn-agent-v3-13,,14,14,0,0,24653
python_harness,roster_all/fin_I,ttyn-agent-v3-14,,14,14,0,0,24752
python_harness,roster_all/fin_I,ttyn-kaggriculture-master-engine-v3,,14,14,0,0,17852
python_harness,roster_all/fin_I,ttyn-knn-animal-rules,,14,14,0,0,23137
python_harness,roster_all/fin_I,ttyn-knn-animal-rules-i128,,14,14,0,0,18759
python_harness,roster_all/fin_I,ttyn-shop0909-v1,,14,14,0,0,25166
python_harness,roster_all/fin_I,ttyn-shop0909-v2,,14,14,0,0,21072
python_harness,roster_all/fin_I,ttyn-shop0909-v2-guarded,,14,14,0,0,17350
python_harness,roster_all/fin_I,ttyn-shop0909-v2-guarded-cowswitch,,14,14,0,0,24155
python_harness,roster_all/fin_I,ttyn-shop0909-v2-guarded-hysteresis,,14,14,0,0,22480
python_harness,roster_all/fin_I,ttyn-shop0909-v2-guarded-r34,,14,14,0,0,25830
python_harness,roster_all/fin_I,ttyn-shop0909-v2-guarded-salefrontrun,,14,14,0,0,29996
python_harness,roster_all/fin_I,wzhengbiao-v15stack,,14,14,0,0,14975
python_harness,roster_all/fin_I,yannik2-replay-champion,,14,14,0,0,30135
python_harness,screen/d_all10k/lb,ahmed-productive-wheat-v54,,32,16,16,0,-55
python_harness,screen/d_all10k/lb,arlene-farmer-john-idle-seller,,32,17,15,0,-583
python_harness,screen/d_all10k/lb,arsgorynich-herd-safe-v3,,32,14,18,0,300
python_harness,screen/d_all10k/lb,yannik2-replay-champion,,32,26,6,0,10420
python_harness,screen/d_recent10k/lb,ahmed-productive-wheat-v54,,32,12,20,0,-623
python_harness,screen/d_recent10k/lb,arlene-farmer-john-idle-seller,,32,12,20,0,-2238
python_harness,screen/d_recent10k/lb,arsgorynich-herd-safe-v3,,32,12,20,0,-1167
python_harness,screen/d_recent10k/lb,yannik2-replay-champion,,32,22,10,0,6300
python_harness,screen/d_top10k/lb,ahmed-productive-wheat-v54,,32,8,24,0,-7825
python_harness,screen/d_top10k/lb,arlene-farmer-john-idle-seller,,32,8,24,0,-9793
python_harness,screen/d_top10k/lb,arsgorynich-herd-safe-v3,,32,8,24,0,-8619
python_harness,screen/d_top10k/lb,yannik2-replay-champion,,32,8,24,0,-5295
python_harness,screen/d_win10k/lb,ahmed-productive-wheat-v54,,32,8,24,0,-3736
python_harness,screen/d_win10k/lb,arlene-farmer-john-idle-seller,,32,11,21,0,-4730
python_harness,screen/d_win10k/lb,arsgorynich-herd-safe-v3,,32,13,19,0,-2362
python_harness,screen/d_win10k/lb,yannik2-replay-champion,,32,20,12,0,3714
python_harness,screen/ens_v12_majkel_vadim/lb,ahmed-productive-wheat-v54,,32,26,6,0,7959
python_harness,screen/ens_v12_majkel_vadim/lb,arlene-farmer-john-idle-seller,,32,28,4,0,8742
python_harness,screen/ens_v12_majkel_vadim/lb,arsgorynich-herd-safe-v3,,32,26,6,0,6984
python_harness,screen/ens_v12_majkel_vadim/lb,yannik2-replay-champion,,32,32,0,0,10999
python_harness,screen/majkel_open6_dsm/lb,ahmed-productive-wheat-v54,,32,30,2,0,9995
python_harness,screen/majkel_open6_dsm/lb,arlene-farmer-john-idle-seller,,32,28,4,0,9413
python_harness,screen/majkel_open6_dsm/lb,arsgorynich-herd-safe-v3,,32,30,2,0,10614
python_harness,screen/majkel_open6_dsm/lb,yannik2-replay-champion,,32,30,2,0,16818
python_harness,screen/v11_noguard/lb,ahmed-productive-wheat-v54,,32,26,6,0,8079
python_harness,screen/v11_noguard/lb,arlene-farmer-john-idle-seller,,32,28,4,0,6639
python_harness,screen/v11_noguard/lb,arsgorynich-herd-safe-v3,,32,28,4,0,7785
python_harness,screen/v11_noguard/lb,yannik2-replay-champion,,32,24,8,0,6702
python_harness,screen/v11_noreserve/lb,ahmed-productive-wheat-v54,,32,30,2,0,9237
python_harness,screen/v11_noreserve/lb,arlene-farmer-john-idle-seller,,32,30,2,0,8849
python_harness,screen/v11_noreserve/lb,arsgorynich-herd-safe-v3,,32,32,0,0,10610
python_harness,screen/v11_noreserve/lb,yannik2-replay-champion,,32,30,2,0,12759
python_harness,screen/v11_trimcrops/lb,ahmed-productive-wheat-v54,,32,28,4,0,6123
python_harness,screen/v11_trimcrops/lb,arlene-farmer-john-idle-seller,,32,19,13,0,3307
python_harness,screen/v11_trimcrops/lb,arsgorynich-herd-safe-v3,,32,28,4,0,6149
python_harness,screen/v11_trimcrops/lb,yannik2-replay-champion,,32,32,0,0,10676
python_harness,screen/v12_cond_s0/lb,ahmed-productive-wheat-v54,,32,10,22,0,-498
python_harness,screen/v12_cond_s0/lb,arlene-farmer-john-idle-seller,,32,20,12,0,2340
python_harness,screen/v12_cond_s0/lb,arsgorynich-herd-safe-v3,,32,8,24,0,-1061
python_harness,screen/v12_cond_s0/lb,yannik2-replay-champion,,32,30,2,0,12257
python_harness,screen/v12_noreserve/lb,ahmed-productive-wheat-v54,,32,24,8,0,-4395
python_harness,screen/v12_noreserve/lb,arlene-farmer-john-idle-seller,,32,30,2,0,9055
python_harness,screen/v12_noreserve/lb,arsgorynich-herd-safe-v3,,32,24,8,0,-4597
python_harness,screen/v12_noreserve/lb,yannik2-replay-champion,,32,32,0,0,15511
python_harness,screen/v12_open12_vadim/lb,ahmed-productive-wheat-v54,,64,56,8,0,8196
python_harness,screen/v12_open12_vadim/lb,arsgorynich-herd-safe-v3,,64,56,8,0,8323
python_harness,screen/v12_open3_vadim/lb,ahmed-productive-wheat-v54,,64,58,6,0,9376
python_harness,screen/v12_open3_vadim/lb,arsgorynich-herd-safe-v3,,64,60,4,0,9534
python_harness,screen/v12_open6_style1/lb,ahmed-productive-wheat-v54,,32,10,22,0,-1000
python_harness,screen/v12_open6_style1/lb,arsgorynich-herd-safe-v3,,32,12,20,0,-475
python_harness,screen/v12_open6_style2/lb,ahmed-productive-wheat-v54,,32,28,4,0,6830
python_harness,screen/v12_open6_style2/lb,arsgorynich-herd-safe-v3,,32,29,3,0,6758
python_harness,screen/v12_open6_style3/lb,ahmed-productive-wheat-v54,,32,26,6,0,7300
python_harness,screen/v12_open6_style3/lb,arsgorynich-herd-safe-v3,,32,26,6,0,7772
python_harness,screen/v12_open6_style7/lb,ahmed-productive-wheat-v54,,32,30,2,0,13009
python_harness,screen/v12_open6_style7/lb,arsgorynich-herd-safe-v3,,32,32,0,0,13847
python_harness,screen/v12_open6_style8/lb,ahmed-productive-wheat-v54,,32,32,0,0,9202
python_harness,screen/v12_open6_style8/lb,arsgorynich-herd-safe-v3,,32,32,0,0,9297
python_harness,screen/v12_open6_style9/lb,ahmed-productive-wheat-v54,,32,28,4,0,8798
python_harness,screen/v12_open6_style9/lb,arsgorynich-herd-safe-v3,,32,28,4,0,9437
python_harness,screen/v12_open9_vadim/lb,ahmed-productive-wheat-v54,,64,57,7,0,8159
python_harness,screen/v12_open9_vadim/lb,arsgorynich-herd-safe-v3,,64,57,7,0,7276
python_harness,screen/v12_reserve_from1/lb,ahmed-productive-wheat-v54,,32,26,6,0,8551
python_harness,screen/v12_reserve_from1/lb,arlene-farmer-john-idle-seller,,32,30,2,0,8339
python_harness,screen/v12_reserve_from1/lb,arsgorynich-herd-safe-v3,,32,26,6,0,8701
python_harness,screen/v12_reserve_from1/lb,yannik2-replay-champion,,32,30,2,0,13987
python_harness,screen/v12_str-100/lb,ahmed-productive-wheat-v54,,32,28,4,0,5245
python_harness,screen/v12_str-100/lb,arlene-farmer-john-idle-seller,,32,28,4,0,6325
python_harness,screen/v12_str-100/lb,arsgorynich-herd-safe-v3,,32,28,4,0,5409
python_harness,screen/v12_str-100/lb,yannik2-replay-champion,,32,30,2,0,12557
python_harness,screen/v12_str300/lb,ahmed-productive-wheat-v54,,32,24,8,0,6870
python_harness,screen/v12_str300/lb,arlene-farmer-john-idle-seller,,32,26,6,0,7526
python_harness,screen/v12_str300/lb,arsgorynich-herd-safe-v3,,32,24,8,0,5118
python_harness,screen/v12_str300/lb,yannik2-replay-champion,,32,32,0,0,14917
python_harness,screen/v12_style1/lb,ahmed-productive-wheat-v54,,32,14,18,0,-955
python_harness,screen/v12_style1/lb,arsgorynich-herd-safe-v3,,32,16,16,0,587
python_harness,screen/v12_style2/lb,ahmed-productive-wheat-v54,,32,18,14,0,4495
python_harness,screen/v12_style2/lb,arsgorynich-herd-safe-v3,,32,20,12,0,3764
python_harness,screen/v12_style3/lb,ahmed-productive-wheat-v54,,32,24,8,0,7936
python_harness,screen/v12_style3/lb,arsgorynich-herd-safe-v3,,32,20,12,0,5759
python_harness,screen/v12_style7/lb,ahmed-productive-wheat-v54,,32,28,4,0,7918
python_harness,screen/v12_style7/lb,arsgorynich-herd-safe-v3,,32,26,6,0,7445
python_harness,screen/v12_style8/lb,ahmed-productive-wheat-v54,,32,29,3,0,7128
python_harness,screen/v12_style8/lb,arsgorynich-herd-safe-v3,,32,30,2,0,6913
python_harness,screen/v12_style9/lb,ahmed-productive-wheat-v54,,32,14,18,0,583
python_harness,screen/v12_style9/lb,arsgorynich-herd-safe-v3,,32,16,16,0,801
python_harness,screen/v13_w384_s29k/lb,ahmed-productive-wheat-v54,,32,24,8,0,8701
python_harness,screen/v13_w384_s29k/lb,arlene-farmer-john-idle-seller,,32,28,4,0,9777
python_harness,screen/v13_w384_s29k/lb,arsgorynich-herd-safe-v3,,32,24,8,0,8670
python_harness,screen/v13_w384_s29k/lb,yannik2-replay-champion,,32,32,0,0,16374
python_harness,screen/zoo_majkel/lb,ahmed-productive-wheat-v54,,32,28,4,0,9457
python_harness,screen/zoo_majkel/lb,arlene-farmer-john-idle-seller,,32,30,2,0,8662
python_harness,screen/zoo_majkel/lb,arsgorynich-herd-safe-v3,,32,28,4,0,9702
python_harness,screen/zoo_majkel/lb,yannik2-replay-champion,,32,32,0,0,21047
python_harness,screen/zoo_vadim/lb,ahmed-productive-wheat-v54,,32,29,3,0,7878
python_harness,screen/zoo_vadim/lb,arlene-farmer-john-idle-seller,,32,27,5,0,7639
python_harness,screen/zoo_vadim/lb,arsgorynich-herd-safe-v3,,32,27,5,0,8586
python_harness,screen/zoo_vadim/lb,yannik2-replay-champion,,32,32,0,0,17279
